t close dd ews incrisis
2000.0055 1455.2200 0.0000 0 False
2000.0082 1399.4200 -3.8345 0 False
2000.0110 1402.1100 -3.6496 0 False
2000.0137 1403.4500 -3.5575 0 False
2000.0164 1441.4700 -0.9449 0 False
2000.0246 1457.6000 0.0000 0 False
2000.0274 1438.5600 -1.3063 0 False
2000.0301 1432.2500 -1.7392 0 False
2000.0329 1449.6800 -0.5434 0 False
2000.0356 1465.1500 0.0000 0 False
2000.0438 1465.1500 0.0000 0 False
2000.0465 1455.1400 -0.6832 1 False
2000.0493 1455.9000 -0.6313 1 False
2000.0520 1445.5700 -1.3364 1 False
2000.0548 1441.3600 -1.6237 1 False
2000.0630 1401.5300 -4.3422 1 False
2000.0657 1410.0300 -3.7621 1 False
2000.0684 1404.0900 -4.1675 1 False
2000.0712 1398.5600 -4.5449 1 False
2000.0739 1360.1600 -7.1658 1 False
2000.0821 1394.4600 -4.8248 1 False
2000.0849 1409.2800 -3.8133 1 False
2000.0876 1409.1200 -3.8242 1 False
2000.0903 1424.9700 -2.7424 1 False
2000.0931 1424.3700 -2.7833 1 False
2000.1013 1424.2400 -2.7922 1 False
2000.1040 1441.7200 -1.5992 1 False
2000.1068 1411.7000 -3.6481 1 False
2000.1095 1416.8300 -3.2980 1 False
2000.1123 1387.1200 -5.3257 1 False
2000.1205 1389.9400 -5.1333 1 False
2000.1232 1402.0500 -4.3067 1 False
2000.1259 1387.6700 -5.2882 1 False
2000.1287 1388.2600 -5.2479 1 False
2000.1314 1346.0900 -8.1261 1 False
2000.1396 1346.0900 -8.1261 1 False
2000.1424 1352.1700 -7.7112 1 False
2000.1451 1360.6900 -7.1296 1 False
2000.1478 1353.4300 -7.6252 1 False
2000.1506 1333.3600 -8.9950 1 False
2000.1588 1348.0500 -7.9924 1 False
2000.1615 1366.4200 -6.7386 1 False
2000.1643 1379.1900 -5.8670 1 False
2000.1670 1381.7600 -5.6916 1 False
2000.1697 1409.1700 -3.8208 1 False
2000.1780 1391.2800 -5.0418 1 False
2000.1807 1355.6200 -7.4757 1 False
2000.1834 1366.7000 -6.7194 1 False
2000.1862 1401.6900 -4.3313 1 False
2000.1889 1395.0700 -4.7831 1 False
2000.1971 1383.6200 -5.5646 1 False
2000.1999 1359.1500 -7.2348 1 False
2000.2026 1392.1500 -4.9824 1 False
2000.2053 1458.4700 -0.4559 1 False
2000.2081 1464.4700 -0.0464 1 False
2000.2163 1456.6300 -0.5815 1 False
2000.2190 1493.8700 0.0000 1 False
2000.2218 1500.6400 0.0000 1 False
2000.2245 1527.3500 0.0000 1 False
2000.2272 1527.4600 0.0000 1 False
2000.2355 1523.8600 -0.2357 1 False
2000.2382 1507.7300 -1.2917 1 False
2000.2409 1508.5200 -1.2400 1 False
2000.2437 1487.9200 -2.5886 1 False
2000.2464 1498.5800 -1.8907 1 False
2000.2546 1505.9700 -1.4069 1 False
2000.2574 1494.7300 -2.1428 1 False
2000.2601 1487.3700 -2.6246 1 False
2000.2628 1501.3400 -1.7100 1 False
2000.2656 1516.3500 -0.7274 1 False
2000.2738 1504.4600 -1.5058 1 False
2000.2765 1500.5900 -1.7591 1 False
2000.2793 1467.1700 -3.9471 1 False
2000.2820 1440.5100 -5.6925 1 False
2000.2847 1356.5600 -11.1885 0 True
2000.2930 1401.4400 -8.2503 0 True
2000.2957 1441.6100 -5.6204 0 True
2000.2984 1427.4700 -6.5462 0 True
2000.3012 1434.5400 -6.0833 0 True
2000.3039 1434.5400 -6.0833 0 True
2000.3121 1429.8600 -6.3897 0 True
2000.3149 1477.4400 -3.2747 0 True
2000.3176 1460.9900 -4.3517 0 True
2000.3203 1464.9200 -4.0944 0 True
2000.3231 1452.4300 -4.9121 0 True
2000.3313 1468.2500 -3.8764 0 True
2000.3340 1446.2900 -5.3141 0 True
2000.3368 1415.1000 -7.3560 0 True
2000.3395 1409.5700 -7.7180 0 True
2000.3422 1432.6300 -6.2083 0 True
2000.3504 1424.1700 -6.7622 0 True
2000.3532 1412.1400 -7.5498 0 True
2000.3559 1383.0500 -9.4543 0 True
2000.3587 1407.8100 -7.8333 0 True
2000.3614 1420.9600 -6.9724 0 True
2000.3696 1452.3600 -4.9167 0 True
2000.3723 1466.0400 -4.0211 0 True
2000.3751 1447.8000 -5.2152 0 True
2000.3778 1437.2100 -5.9085 0 True
2000.3806 1406.9500 -7.8896 0 True
2000.3888 1400.7200 -8.2974 0 True
2000.3915 1373.8600 -10.0559 0 True
2000.3943 1399.0500 -8.4068 0 True
2000.3970 1381.5200 -9.5544 0 True
2000.3997 1378.0200 -9.7836 0 True
2000.4079 1378.0200 -9.7836 0 True
2000.4107 1422.4500 -6.8748 0 True
2000.4134 1420.6000 -6.9959 0 True
2000.4162 1448.8100 -5.1491 0 True
2000.4189 1477.2600 -3.2865 0 True
2000.4271 1467.6300 -3.9170 0 True
2000.4298 1457.8400 -4.5579 0 True
2000.4326 1471.3600 -3.6728 0 True
2000.4353 1461.6700 -4.3072 0 True
2000.4381 1456.9500 -4.6162 0 True
2000.4463 1446.0000 -5.3330 0 True
2000.4490 1469.4400 -3.7985 0 True
2000.4517 1470.5400 -3.7264 0 True
2000.4545 1478.7300 -3.1903 0 True
2000.4572 1464.4600 -4.1245 0 True
2000.4654 1486.0000 -2.7143 0 True
2000.4682 1475.9500 -3.3723 0 True
2000.4709 1479.1300 -3.1641 0 True
2000.4736 1452.1800 -4.9284 0 True
2000.4764 1441.4800 -5.6290 0 True
2000.4846 1455.3100 -4.7235 0 True
2000.4873 1450.5500 -5.0352 0 True
2000.4901 1454.8200 -4.7556 0 True
2000.4928 1442.3900 -5.5694 0 True
2000.4956 1454.6000 -4.7700 0 True
2000.5038 1469.5400 -3.7919 0 True
2000.5065 1469.5400 -3.7919 0 True
2000.5092 1446.2300 -5.3180 0 True
2000.5120 1456.6700 -4.6345 0 True
2000.5147 1478.9000 -3.1791 0 True
2000.5229 1475.6200 -3.3939 0 True
2000.5257 1480.8800 -3.0495 0 True
2000.5284 1492.9200 -2.2613 0 True
2000.5311 1495.8400 -2.0701 0 True
2000.5339 1509.9800 -1.1444 0 True
2000.5421 1510.4900 -1.1110 0 True
2000.5448 1493.7400 -2.2076 0 True
2000.5476 1481.9600 -2.9788 0 True
2000.5503 1495.5700 -2.0878 0 True
2000.5530 1480.1900 -3.0947 0 True
2000.5613 1464.2900 -4.1356 0 True
2000.5640 1474.4700 -3.4692 0 True
2000.5667 1452.4200 -4.9127 0 True
2000.5695 1449.6200 -5.0960 0 True
2000.5722 1419.8900 -7.0424 0 True
2000.5804 1430.8300 -6.3262 0 True
2000.5832 1438.1000 -5.8502 0 True
2000.5859 1438.7000 -5.8110 0 True
2000.5886 1452.5600 -4.9036 0 True
2000.5914 1462.9300 -4.2247 0 True
2000.5996 1479.3200 -3.1516 0 True
2000.6023 1482.8000 -2.9238 0 True
2000.6051 1472.8700 -3.5739 0 True
2000.6078 1460.2500 -4.4001 0 True
2000.6105 1471.8400 -3.6413 0 True
2000.6188 1491.5600 -2.3503 0 True
2000.6215 1484.4300 -2.8171 0 True
2000.6242 1479.8500 -3.1169 0 True
2000.6270 1496.0700 -2.0550 0 True
2000.6297 1491.7200 -2.3398 0 True
2000.6379 1499.4800 -1.8318 0 True
2000.6407 1498.1300 -1.9202 0 True
2000.6434 1505.9700 -1.4069 0 True
2000.6461 1508.3100 -1.2537 0 True
2000.6489 1506.4500 -1.3755 0 True
2000.6571 1514.0900 -0.8753 0 True
2000.6598 1509.8400 -1.1535 0 True
2000.6626 1502.5900 -1.6282 0 True
2000.6653 1517.6800 -0.6403 0 True
2000.6680 1520.7700 -0.4380 0 True
2000.6762 1520.7700 -0.4380 0 True
2000.6790 1507.0800 -1.3342 0 True
2000.6817 1492.2500 -2.3051 0 True
2000.6845 1502.5100 -1.6334 0 True
2000.6872 1494.5000 -2.1578 0 True
2000.6954 1489.2600 -2.5009 0 True
2000.6982 1481.9900 -2.9768 0 True
2000.7009 1484.9100 -2.7857 0 True
2000.7036 1480.8700 -3.0502 0 True
2000.7064 1465.8100 -4.0361 0 True
2000.7146 1444.5100 -5.4306 0 True
2000.7173 1459.9000 -4.4230 0 True
2000.7201 1451.3400 -4.9834 0 True
2000.7228 1449.0500 -5.1334 0 True
2000.7255 1448.7200 -5.1550 0 True
2000.7337 1439.0300 -5.7893 0 True
2000.7365 1427.2100 -6.5632 0 True
2000.7392 1426.5700 -6.6051 0 True
2000.7420 1458.2900 -4.5284 0 True
2000.7447 1436.5100 -5.9543 0 True
2000.7529 1436.2300 -5.9727 0 True
2000.7556 1426.4600 -6.6123 0 True
2000.7584 1434.3200 -6.0977 0 True
2000.7611 1436.2800 -5.9694 0 True
2000.7639 1408.9900 -7.7560 0 True
2000.7721 1402.0300 -8.2117 0 True
2000.7748 1387.0200 -9.1943 0 True
2000.7775 1364.5900 -10.6628 0 True
2000.7803 1329.7800 -12.9417 0 True
2000.7830 1374.1700 -10.0356 0 True
2000.7912 1374.6200 -10.0062 0 True
2000.7940 1349.9700 -11.6199 0 True
2000.7967 1342.1300 -12.1332 0 True
2000.7995 1388.7600 -9.0804 0 True
2000.8022 1396.9300 -8.5456 0 True
2000.8104 1395.7800 -8.6208 0 True
2000.8131 1398.1300 -8.4670 0 True
2000.8159 1364.9000 -10.6425 0 True
2000.8186 1364.4400 -10.6726 0 True
2000.8214 1379.5800 -9.6814 0 True
2000.8296 1398.6600 -8.4323 0 True
2000.8323 1429.4000 -6.4198 0 True
2000.8350 1421.2200 -6.9553 0 True
2000.8378 1428.3200 -6.4905 0 True
2000.8405 1426.6900 -6.5972 0 True
2000.8487 1432.1900 -6.2372 0 True
2000.8515 1431.8700 -6.2581 0 True
2000.8542 1409.2800 -7.7370 0 True
2000.8569 1400.1400 -8.3354 0 True
2000.8597 1365.9800 -10.5718 0 True
2000.8679 1351.2600 -11.5355 0 True
2000.8706 1382.9500 -9.4608 0 True
2000.8734 1389.8100 -9.0117 0 True
2000.8761 1372.3200 -10.1567 0 True
2000.8789 1367.7200 -10.4579 0 True
2000.8871 1342.6200 -12.1011 0 True
2000.8898 1347.3500 -11.7915 0 True
2000.8925 1322.3600 -13.4275 0 True
2000.8953 1322.3600 -13.4275 0 True
2000.8980 1341.7700 -12.1568 0 True
2000.9062 1348.9700 -11.6854 0 True
2000.9090 1336.0900 -12.5286 0 True
2000.9117 1341.9100 -12.1476 0 True
2000.9144 1314.9500 -13.9126 0 True
2000.9172 1315.2300 -13.8943 0 True
2000.9254 1324.9700 -13.2566 0 True
2000.9281 1376.5400 -9.8805 0 True
2000.9309 1351.4600 -11.5224 0 True
2000.9336 1343.5500 -12.0402 0 True
2000.9363 1369.8900 -10.3158 0 True
2000.9446 1380.2000 -9.6408 0 True
2000.9473 1371.1800 -10.2314 0 True
2000.9500 1359.9900 -10.9640 0 True
2000.9528 1340.9300 -12.2118 0 True
2000.9555 1312.1500 -14.0960 0 True
2000.9637 1322.7400 -13.4026 0 True
2000.9665 1305.6000 -14.5248 0 True
2000.9692 1264.7400 -17.1998 0 True
2000.9719 1274.8600 -16.5373 0 True
2000.9747 1305.9700 -14.5005 0 True
2000.9829 1305.9700 -14.5005 0 True
2000.9856 1315.1900 -13.8969 0 True
2000.9884 1328.9200 -12.9980 0 True
2000.9911 1334.2200 -12.6511 0 True
2000.9938 1320.2800 -13.5637 0 True
2001.0000 1320.2800 -13.5637 0 True
2001.0027 1283.2700 -15.9867 0 True
2001.0055 1347.5600 -11.7777 0 True
2001.0082 1333.3400 -12.7087 0 True
2001.0110 1298.3500 -14.9994 0 True
2001.0192 1295.8600 -15.1624 0 True
2001.0219 1300.8000 -14.8390 0 True
2001.0246 1313.2700 -14.0226 0 True
2001.0274 1326.8200 -13.1355 0 True
2001.0301 1318.3200 -13.6920 0 True
2001.0383 1318.3200 -13.6920 0 True
2001.0411 1326.6500 -13.1467 0 True
2001.0438 1329.4700 -12.9620 0 True
2001.0465 1347.9700 -11.7509 0 True
2001.0493 1342.5400 -12.1064 0 True
2001.0575 1342.9000 -12.0828 0 True
2001.0602 1360.4000 -10.9371 0 True
2001.0630 1364.3000 -10.6818 0 True
2001.0657 1357.5100 -11.1263 0 True
2001.0684 1354.9500 -11.2939 0 True
2001.0767 1364.1700 -10.6903 0 True
2001.0794 1373.7300 -10.0644 0 True
2001.0821 1366.0100 -10.5698 0 True
2001.0849 1373.4700 -10.0814 0 True
2001.0876 1349.4700 -11.6527 0 True
2001.0958 1354.3100 -11.3358 0 True
2001.0986 1352.2600 -11.4700 0 True
2001.1013 1340.8900 -12.2144 0 True
2001.1040 1332.5300 -12.7617 0 True
2001.1068 1314.7600 -13.9251 0 True
2001.1150 1330.3100 -12.9070 0 True
2001.1177 1318.8000 -13.6606 0 True
2001.1205 1315.9200 -13.8491 0 True
2001.1232 1326.6100 -13.1493 0 True
2001.1259 1301.5300 -14.7912 0 True
2001.1342 1301.5300 -14.7912 0 True
2001.1369 1278.9400 -16.2701 0 True
2001.1396 1255.2700 -17.8198 0 True
2001.1424 1252.8200 -17.9802 0 True
2001.1451 1245.8600 -18.4358 0 True
2001.1533 1267.6500 -17.0093 0 True
2001.1561 1257.9400 -17.6450 0 True
2001.1588 1239.9400 -18.8234 0 True
2001.1615 1241.2300 -18.7390 0 True
2001.1643 1234.1800 -19.2005 0 True
2001.1725 1241.4100 -18.7272 0 True
2001.1752 1253.8000 -17.9160 0 True
2001.1780 1261.8900 -17.3864 0 True
2001.1807 1264.7400 -17.1998 0 True
2001.1834 1233.4200 -19.2503 0 True
2001.1916 1180.1600 -22.7371 0 True
2001.1944 1197.6600 -21.4062 0 True
2001.1971 1166.7100 -23.2816 0 True
2001.1999 1173.5600 -22.8312 0 True
2001.2026 1150.5300 -24.3456 0 True
2001.2108 1170.8100 -23.0120 0 True
2001.2136 1142.6200 -24.8657 0 True
2001.2163 1122.1400 -26.2124 0 True
2001.2190 1117.5800 -26.5122 0 True
2001.2218 1139.8300 -25.0492 0 True
2001.2300 1152.6900 -24.2035 0 True
2001.2327 1182.1700 -22.2650 0 True
2001.2355 1153.2900 -24.1641 0 True
2001.2382 1147.9500 -24.5152 0 True
2001.2409 1160.3300 -23.7012 0 True
2001.2491 1145.8700 -24.6520 0 True
2001.2519 1106.4600 -27.2434 0 True
2001.2546 1103.2500 -27.4545 0 True
2001.2574 1151.4400 -24.2857 0 True
2001.2601 1128.4300 -25.7988 0 True
2001.2683 1137.5900 -25.1964 0 True
2001.2710 1168.3800 -23.1718 0 True
2001.2738 1165.8900 -23.3355 0 True
2001.2765 1183.5000 -22.1776 0 True
2001.2793 1183.5000 -22.1776 0 True
2001.2875 1179.6800 -22.4288 0 True
2001.2902 1191.8100 -21.6311 0 True
2001.2930 1238.1600 -18.5833 0 True
2001.2957 1253.7000 -17.5615 0 True
2001.2984 1242.9800 -18.2664 0 True
2001.3066 1224.3600 -19.4908 0 True
2001.3094 1209.4700 -20.4699 0 True
2001.3121 1228.7500 -19.2021 0 True
2001.3149 1234.5200 -18.8227 0 True
2001.3176 1253.0500 -17.6042 0 True
2001.3258 1249.4600 -17.8403 0 True
2001.3285 1266.4400 -16.7238 0 True
2001.3313 1267.4300 -16.6587 0 True
2001.3340 1248.5800 -17.8982 0 True
2001.3368 1266.6100 -16.7126 0 True
2001.3450 1263.5100 -16.9164 0 True
2001.3477 1261.2000 -17.0683 0 True
2001.3504 1255.5400 -17.4405 0 True
2001.3532 1255.1800 -17.4642 0 True
2001.3559 1245.6700 -18.0895 0 True
2001.3641 1248.9200 -17.8758 0 True
2001.3669 1249.4400 -17.8416 0 True
2001.3696 1284.9900 -15.5040 0 True
2001.3723 1288.4900 -15.2738 0 True
2001.3751 1291.9600 -15.0457 0 True
2001.3833 1312.8300 -13.6733 0 True
2001.3860 1309.3800 -13.9002 0 True
2001.3888 1289.0500 -15.2370 0 True
2001.3915 1293.1700 -14.9661 0 True
2001.3943 1277.8900 -15.9709 0 True
2001.4025 1277.8900 -15.9709 0 True
2001.4052 1267.9300 -16.6258 0 True
2001.4079 1248.0800 -17.9310 0 True
2001.4107 1255.8200 -17.4221 0 True
2001.4134 1260.6700 -17.1032 0 True
2001.4216 1267.1100 -16.6797 0 True
2001.4244 1283.5700 -15.5974 0 True
2001.4271 1270.0300 -16.4877 0 True
2001.4298 1276.9600 -16.0320 0 True
2001.4326 1264.9600 -16.8211 0 True
2001.4408 1254.3900 -17.5161 0 True
2001.4435 1255.8500 -17.4201 0 True
2001.4463 1241.6000 -18.3571 0 True
2001.4490 1219.8700 -19.7860 0 True
2001.4517 1214.3600 -20.1483 0 True
2001.4600 1208.4300 -20.5383 0 True
2001.4627 1212.5800 -20.2654 0 True
2001.4654 1223.1400 -19.5710 0 True
2001.4682 1237.0400 -18.6570 0 True
2001.4709 1225.3500 -19.4257 0 True
2001.4791 1218.6000 -19.8695 0 True
2001.4819 1216.7600 -19.9905 0 True
2001.4846 1211.0700 -20.3647 0 True
2001.4873 1226.2000 -19.3698 0 True
2001.4901 1224.4200 -19.4868 0 True
2001.4983 1236.7100 -18.6787 0 True
2001.5010 1234.4500 -18.8273 0 True
2001.5038 1234.4500 -18.8273 0 True
2001.5065 1219.2400 -19.8275 0 True
2001.5092 1190.5900 -21.7114 0 True
2001.5175 1198.7800 -21.1728 0 True
2001.5202 1181.5200 -22.3078 0 True
2001.5229 1180.1800 -22.3959 0 True
2001.5257 1208.1400 -20.5573 0 True
2001.5284 1215.6800 -20.0615 0 True
2001.5366 1202.4500 -20.9315 0 True
2001.5394 1214.4400 -20.1431 0 True
2001.5421 1207.7100 -20.5856 0 True
2001.5448 1215.0200 -20.1049 0 True
2001.5476 1210.8500 -20.3792 0 True
2001.5558 1191.0300 -21.6824 0 True
2001.5585 1171.6500 -22.9568 0 True
2001.5613 1190.4900 -21.7179 0 True
2001.5640 1202.9300 -20.8999 0 True
2001.5667 1205.8200 -20.7099 0 True
2001.5749 1204.5200 -20.7954 0 True
2001.5777 1211.2300 -20.3542 0 True
2001.5804 1215.9300 -20.0451 0 True
2001.5832 1220.7500 -19.7282 0 True
2001.5859 1214.3500 -20.1490 0 True
2001.5941 1200.4800 -21.0610 0 True
2001.5969 1204.4000 -20.8033 0 True
2001.5996 1183.5300 -22.1756 0 True
2001.6023 1183.4300 -22.1822 0 True
2001.6051 1190.1600 -21.7396 0 True
2001.6133 1191.2900 -21.6653 0 True
2001.6160 1186.7300 -21.9652 0 True
2001.6188 1178.0200 -22.5379 0 True
2001.6215 1181.6600 -22.2986 0 True
2001.6242 1161.9700 -23.5933 0 True
2001.6324 1171.4100 -22.9726 0 True
2001.6352 1157.2600 -23.9030 0 True
2001.6379 1165.3100 -22.6776 0 True
2001.6407 1162.0900 -22.6568 0 True
2001.6434 1184.9300 -21.1366 0 True
2001.6516 1179.2100 -21.0967 0 True
2001.6543 1161.5100 -22.0076 0 True
2001.6571 1148.6000 -22.6485 0 True
2001.6598 1129.0300 -23.9664 0 True
2001.6626 1133.5800 -23.4518 0 True
2001.6708 1133.5800 -22.6653 0 True
2001.6735 1132.9400 -22.3961 0 True
2001.6762 1131.7400 -22.4783 0 True
2001.6790 1106.4000 -24.1303 0 True
2001.6817 1085.7800 -25.5443 0 True
2001.6899 1092.5400 -25.0807 0 True
2001.6927 1092.5400 -25.0807 0 True
2001.6954 1092.5400 -25.0807 0 True
2001.6982 1092.5400 -25.0807 0 True
2001.7009 1092.5400 -25.0807 0 True
2001.7091 1038.7700 -27.6879 0 True
2001.7118 1032.7400 -28.0962 0 True
2001.7146 1016.1000 -29.2547 0 True
2001.7173 984.5400 -31.4521 0 True
2001.7201 965.8000 -32.7568 0 True
2001.7283 1003.4500 -29.9360 0 True
2001.7310 1012.2700 -29.3201 0 True
2001.7337 1007.0400 -29.6853 0 True
2001.7365 1018.6100 -28.8775 0 True
2001.7392 1040.9400 -27.3183 0 True
2001.7474 1038.5500 -27.4852 0 True
2001.7502 1051.3300 -26.5928 0 True
2001.7529 1072.2800 -25.1300 0 True
2001.7556 1069.6300 -25.3151 0 True
2001.7584 1071.3800 -25.1929 0 True
2001.7666 1062.4400 -25.8171 0 True
2001.7693 1056.7500 -26.2144 0 True
2001.7721 1080.9900 -24.5219 0 True
2001.7748 1097.4300 -23.3740 0 True
2001.7775 1091.6500 -23.7776 0 True
2001.7858 1089.9800 -23.8942 0 True
2001.7885 1097.5400 -23.3663 0 True
2001.7912 1077.0900 -24.7942 0 True
2001.7940 1068.6100 -25.3863 0 True
2001.7967 1073.4800 -25.0463 0 True
2001.8049 1089.9000 -23.8998 0 True
2001.8077 1084.7800 -24.2573 0 True
2001.8104 1085.2000 -24.2110 0 True
2001.8131 1100.0900 -21.9396 0 True
2001.8159 1104.6100 -21.1072 0 True
2001.8241 1078.3000 -22.4139 0 True
2001.8268 1059.7900 -23.7457 0 True
2001.8296 1059.7800 -23.7464 0 True
2001.8323 1084.1000 -21.9965 0 True
2001.8350 1087.2000 -21.2288 0 True
2001.8433 1102.8400 -20.0956 0 True
2001.8460 1118.8600 -18.9349 0 True
2001.8487 1115.8000 -19.1566 0 True
2001.8515 1118.5400 -18.9581 0 True
2001.8542 1120.3100 -18.8299 0 True
2001.8624 1118.3300 -18.9733 0 True
2001.8652 1139.0900 -17.4692 0 True
2001.8679 1141.2100 -17.3156 0 True
2001.8706 1142.2400 -17.2410 0 True
2001.8734 1138.6500 -17.5011 0 True
2001.8816 1151.0600 -16.6019 0 True
2001.8843 1142.6600 -17.2105 0 True
2001.8871 1137.0300 -17.6185 0 True
2001.8898 1137.0300 -17.6185 0 True
2001.8925 1150.3400 -16.6541 0 True
2001.9008 1157.4200 -16.1411 0 True
2001.9035 1149.5000 -16.7150 0 True
2001.9062 1128.5200 -17.8499 0 True
2001.9090 1140.2000 -16.9997 0 True
2001.9117 1139.4500 -17.0543 0 True
2001.9199 1129.9000 -17.7495 0 True
2001.9227 1144.8000 -16.6648 0 True
2001.9254 1170.3500 -14.8049 0 True
2001.9281 1167.1000 -15.0415 0 True
2001.9309 1158.3100 -15.6814 0 True
2001.9391 1139.9300 -17.0194 0 True
2001.9418 1136.7600 -17.2501 0 True
2001.9446 1137.0700 -17.2275 0 True
2001.9473 1119.3800 -18.5153 0 True
2001.9500 1123.0900 -18.2452 0 True
2001.9582 1134.3600 -17.4248 0 True
2001.9610 1142.9200 -16.8017 0 True
2001.9637 1149.5600 -16.3183 0 True
2001.9665 1139.9300 -17.0194 0 True
2001.9692 1144.8900 -16.6583 0 True
2001.9774 1144.6500 -16.6758 0 True
2001.9802 1144.6500 -16.6758 0 True
2001.9829 1149.3700 -16.3322 0 True
2001.9856 1157.1300 -15.7673 0 True
2001.9884 1161.0200 -15.4841 0 True
2001.9966 1148.0800 -16.4261 0 True
2002.0000 1148.0800 -16.4261 0 True
2002.0027 1154.6700 -15.9464 0 True
2002.0055 1165.2700 -15.1747 0 True
2002.0082 1172.5100 -14.6477 0 True
2002.0164 1164.8900 -15.2024 0 True
2002.0192 1160.7100 -15.5067 0 True
2002.0219 1155.1400 -15.9122 0 True
2002.0246 1156.5500 -15.8095 0 True
2002.0274 1145.6000 -16.6066 0 True
2002.0356 1138.4100 -17.1300 0 True
2002.0383 1146.1900 -16.5637 0 True
2002.0411 1127.5700 -17.9191 0 True
2002.0438 1138.8800 -17.0801 0 True
2002.0465 1127.5800 -17.9028 0 True
2002.0548 1127.5800 -16.7414 0 True
2002.0575 1119.3100 -17.3520 0 True
2002.0602 1128.1900 -16.5700 0 True
2002.0630 1132.1600 -15.5665 0 True
2002.0657 1133.2800 -14.9528 0 True
2002.0739 1133.0600 -14.8274 0 True
2002.0767 1100.6400 -17.2644 0 True
2002.0794 1113.5700 -16.0590 0 True
2002.0821 1130.2100 -14.8047 0 True
2002.0849 1122.2000 -15.4084 0 True
2002.0931 1094.4400 -16.6351 0 True
2002.0958 1090.0200 -16.9717 0 True
2002.0986 1083.5100 -17.4676 0 True
2002.1013 1080.1700 -17.7220 0 True
2002.1040 1096.2200 -16.4995 0 True
2002.1123 1111.9400 -15.3021 0 True
2002.1150 1107.5000 -15.6403 0 True
2002.1177 1118.5100 -14.8016 0 True
2002.1205 1116.4800 -14.9562 0 True
2002.1232 1104.1800 -15.8931 0 True
2002.1314 1104.1800 -15.8931 0 True
2002.1342 1083.3400 -17.4806 0 True
2002.1369 1097.9800 -16.3654 0 True
2002.1396 1080.9500 -17.6626 0 True
2002.1424 1089.8400 -16.9854 0 True
2002.1506 1109.4400 -15.4925 0 True
2002.1533 1109.3800 -15.4971 0 True
2002.1561 1109.8900 -15.4582 0 True
2002.1588 1106.7300 -15.6989 0 True
2002.1615 1131.7800 -13.7908 0 True
2002.1697 1153.8400 -12.1105 0 True
2002.1725 1146.1400 -12.6970 0 True
2002.1752 1162.7700 -11.4303 0 True
2002.1780 1157.5400 -11.8286 0 True
2002.1807 1164.3100 -11.3130 0 True
2002.1889 1168.2600 -11.0121 0 True
2002.1916 1165.5800 -11.2162 0 True
2002.1944 1154.0900 -12.0914 0 True
2002.1971 1153.0400 -12.1714 0 True
2002.1999 1166.1600 -11.1720 0 True
2002.2081 1165.5500 -11.2185 0 True
2002.2108 1170.2900 -10.8575 0 True
2002.2136 1151.8500 -12.2621 0 True
2002.2163 1153.5900 -12.1295 0 True
2002.2190 1148.7000 -12.5020 0 True
2002.2272 1131.8700 -13.7840 0 True
2002.2300 1138.4900 -13.2797 0 True
2002.2327 1144.5800 -12.8158 0 True
2002.2355 1147.3900 -12.6018 0 True
2002.2382 1147.3900 -12.6018 0 True
2002.2464 1146.5500 -12.6658 0 True
2002.2491 1136.7700 -13.4107 0 True
2002.2519 1125.4000 -14.2768 0 True
2002.2546 1126.3400 -14.2052 0 True
2002.2574 1122.7300 -14.4802 0 True
2002.2656 1125.2900 -14.2852 0 True
2002.2683 1117.8000 -14.8557 0 True
2002.2710 1130.4600 -13.8914 0 True
2002.2738 1103.6900 -15.9305 0 True
2002.2765 1111.0100 -15.3729 0 True
2002.2847 1102.5500 -16.0173 0 True
2002.2875 1128.3700 -14.0506 0 True
2002.2902 1126.0700 -14.2258 0 True
2002.2930 1124.4700 -14.3476 0 True
2002.2957 1125.1700 -14.2943 0 True
2002.3039 1107.8300 -15.6151 0 True
2002.3066 1100.9600 -16.1384 0 True
2002.3094 1093.1400 -16.7341 0 True
2002.3121 1091.4800 -16.8605 0 True
2002.3149 1076.3200 -18.0153 0 True
2002.3231 1065.4600 -18.8425 0 True
2002.3258 1076.9200 -17.9696 0 True
2002.3285 1086.4600 -17.2429 0 True
2002.3313 1084.5600 -17.3876 0 True
2002.3340 1073.4300 -18.2354 0 True
2002.3422 1052.6700 -19.8167 0 True
2002.3450 1049.4900 -20.0590 0 True
2002.3477 1088.8500 -16.8423 0 True
2002.3504 1073.0100 -17.0248 0 True
2002.3532 1054.9900 -18.4183 0 True
2002.3614 1074.5600 -16.2835 0 True
2002.3641 1097.2800 -14.5134 0 True
2002.3669 1091.0700 -14.9972 0 True
2002.3696 1098.2300 -14.4394 0 True
2002.3723 1106.5900 -13.7881 0 True
2002.3806 1091.8800 -14.9341 0 True
2002.3833 1079.8800 -15.8690 0 True
2002.3860 1086.0200 -15.3907 0 True
2002.3888 1097.0800 -14.0866 0 True
2002.3915 1083.8200 -15.1250 0 True
2002.3997 1083.8200 -14.3198 0 True
2002.4025 1074.5500 -14.4364 0 True
2002.4052 1067.6600 -14.9851 0 True
2002.4079 1064.6600 -14.2510 0 True
2002.4107 1067.1400 -13.7344 0 True
2002.4189 1040.6800 -15.8734 0 True
2002.4216 1040.6900 -15.8726 0 True
2002.4244 1049.9000 -15.1280 0 True
2002.4271 1029.1500 -16.8054 0 True
2002.4298 1027.5300 -16.9364 0 True
2002.4381 1030.7400 -16.6547 0 True
2002.4408 1013.6000 -18.0406 0 True
2002.4435 1020.2600 -17.5021 0 True
2002.4463 1009.5600 -18.3673 0 True
2002.4490 1007.2800 -18.5516 0 True
2002.4572 1036.1700 -16.2156 0 True
2002.4600 1037.1400 -16.1372 0 True
2002.4627 1019.9900 -17.3729 0 True
2002.4654 1006.2900 -18.4827 0 True
2002.4682 989.1400 -18.9728 0 True
2002.4764 992.7200 -18.6795 0 True
2002.4791 976.1400 -20.0377 0 True
2002.4819 973.5300 -20.2515 0 True
2002.4846 990.6400 -18.8499 0 True
2002.4873 989.8100 -18.9179 0 True
2002.4956 968.6500 -20.6512 0 True
2002.4983 948.0900 -22.3354 0 True
2002.5010 953.9900 -21.8521 0 True
2002.5038 953.9900 -21.8521 0 True
2002.5065 989.0300 -18.9818 0 True
2002.5147 976.9800 -19.9689 0 True
2002.5175 952.8300 -21.9472 0 True
2002.5202 920.4700 -24.5980 0 True
2002.5229 927.3700 -24.0328 0 True
2002.5257 921.3900 -24.5226 0 True
2002.5339 917.9300 -24.8061 0 True
2002.5366 901.0500 -26.1888 0 True
2002.5394 906.0400 -25.7801 0 True
2002.5421 881.5600 -27.7854 0 True
2002.5448 847.7600 -30.5542 0 True
2002.5530 819.8500 -32.4865 0 True
2002.5558 797.7000 -33.7679 0 True
2002.5585 843.4200 -29.9718 0 True
2002.5613 838.6800 -29.5990 0 True
2002.5640 852.8400 -28.4104 0 True
2002.5722 898.9600 -24.5389 0 True
2002.5749 902.7800 -24.2183 0 True
2002.5777 911.6200 -23.1822 0 True
2002.5804 884.6600 -25.3407 0 True
2002.5832 864.2400 -27.0640 0 True
2002.5914 834.6000 -29.5655 0 True
2002.5941 859.5700 -27.4582 0 True
2002.5969 876.7700 -26.0066 0 True
2002.5996 905.4600 -23.5854 0 True
2002.6023 908.6400 -23.3170 0 True
2002.6105 903.8000 -23.7255 0 True
2002.6133 884.2100 -25.0167 0 True
2002.6160 919.6200 -21.5683 0 True
2002.6188 930.2500 -20.6617 0 True
2002.6215 928.7700 -20.7879 0 True
2002.6297 950.7200 -18.9158 0 True
2002.6324 937.4300 -20.0493 0 True
2002.6352 949.3600 -19.0318 0 True
2002.6379 962.7000 -17.8941 0 True
2002.6407 940.8600 -19.7568 0 True
2002.6489 947.9500 -19.1521 0 True
2002.6516 934.8200 -20.2719 0 True
2002.6543 917.8700 -21.7175 0 True
2002.6571 917.8000 -21.7235 0 True
2002.6598 916.0700 -21.8710 0 True
2002.6680 916.0700 -21.8710 0 True
2002.6708 878.0200 -25.1162 0 True
2002.6735 893.4100 -23.8036 0 True
2002.6762 879.1500 -25.0198 0 True
2002.6790 893.9200 -23.7601 0 True
2002.6872 902.9600 -22.9891 0 True
2002.6899 909.5800 -22.4245 0 True
2002.6927 909.4500 -22.4356 0 True
2002.6954 886.9100 -24.3580 0 True
2002.6982 889.8100 -24.1107 0 True
2002.7064 891.1000 -24.0006 0 True
2002.7091 873.5200 -25.5000 0 True
2002.7118 869.4600 -25.8463 0 True
2002.7146 843.3200 -28.0757 0 True
2002.7173 845.3900 -27.8991 0 True
2002.7255 833.7000 -28.8961 0 True
2002.7283 819.2900 -30.1251 0 True
2002.7310 839.6600 -28.3878 0 True
2002.7337 854.9500 -27.0838 0 True
2002.7365 827.3700 -29.4360 0 True
2002.7447 815.2800 -30.4671 0 True
2002.7474 847.9100 -27.6842 0 True
2002.7502 827.9100 -29.3899 0 True
2002.7529 818.9500 -30.1541 0 True
2002.7556 800.5800 -31.7208 0 True
2002.7639 785.2800 -33.0257 0 True
2002.7666 798.5500 -31.8940 0 True
2002.7693 776.7600 -33.7524 0 True
2002.7721 803.9200 -31.4360 0 True
2002.7748 835.3200 -28.7580 0 True
2002.7830 841.4400 -28.2360 0 True
2002.7858 881.2700 -24.8390 0 True
2002.7885 860.0200 -26.6514 0 True
2002.7912 879.2000 -25.0156 0 True
2002.7940 884.3900 -24.5729 0 True
2002.8022 899.7200 -23.2655 0 True
2002.8049 890.1600 -24.0808 0 True
2002.8077 896.1400 -23.5708 0 True
2002.8104 882.5000 -24.7341 0 True
2002.8131 897.6500 -23.4420 0 True
2002.8214 890.2300 -24.0748 0 True
2002.8241 882.1500 -24.7640 0 True
2002.8268 890.7100 -24.0339 0 True
2002.8296 885.7600 -24.4561 0 True
2002.8323 900.9600 -23.1597 0 True
2002.8405 908.3500 -22.5294 0 True
2002.8433 915.3900 -21.9290 0 True
2002.8460 923.7600 -21.2152 0 True
2002.8487 902.6500 -23.0156 0 True
2002.8515 894.7400 -23.6902 0 True
2002.8597 876.1900 -25.2723 0 True
2002.8624 882.9500 -24.6957 0 True
2002.8652 882.5300 -24.7316 0 True
2002.8679 904.2700 -22.8774 0 True
2002.8706 909.8300 -22.4032 0 True
2002.8789 900.3600 -23.2109 0 True
2002.8816 896.7400 -23.5196 0 True
2002.8843 914.1500 -22.0348 0 True
2002.8871 933.7600 -20.3623 0 True
2002.8898 930.5500 -20.6361 0 True
2002.8980 932.8800 -20.4374 0 True
2002.9008 913.3100 -22.1064 0 True
2002.9035 938.8700 -19.9265 0 True
2002.9062 938.8700 -19.9265 0 True
2002.9090 936.3100 -20.1448 0 True
2002.9172 934.5300 -20.2966 0 True
2002.9199 920.7500 -21.4719 0 True
2002.9227 917.5700 -21.7431 0 True
2002.9254 906.5500 -22.6830 0 True
2002.9281 912.2300 -22.1985 0 True
2002.9363 892.0000 -23.9239 0 True
2002.9391 904.4500 -22.8621 0 True
2002.9418 904.9600 -22.8186 0 True
2002.9446 901.5900 -23.1060 0 True
2002.9473 889.4800 -24.1388 0 True
2002.9555 910.4000 -22.3546 0 True
2002.9582 902.9900 -22.9866 0 True
2002.9610 891.1200 -23.9989 0 True
2002.9637 884.2500 -24.5849 0 True
2002.9665 895.7500 -23.6041 0 True
2002.9747 897.3800 -23.4650 0 True
2002.9774 892.4700 -23.7394 0 True
2002.9802 892.4700 -23.7394 0 True
2002.9829 889.6600 -23.9795 0 True
2002.9856 875.4000 -25.1980 0 True
2002.9938 879.3900 -24.8571 0 True
2002.9966 879.8200 -24.8203 0 True
2003.0000 879.8200 -24.8203 0 True
2003.0027 909.0300 -22.3244 0 True
2003.0055 908.5900 -22.3620 0 True
2003.0137 929.0100 -20.6171 0 True
2003.0164 922.9300 -21.1366 0 True
2003.0192 909.9300 -22.2475 0 True
2003.0219 927.5800 -20.7393 0 True
2003.0246 927.5700 -20.7402 0 True
2003.0329 926.2600 -20.8521 0 True
2003.0356 931.6600 -20.3907 0 True
2003.0383 918.2200 -21.5391 0 True
2003.0411 914.6000 -21.8484 0 True
2003.0438 901.7800 -22.9439 0 True
2003.0520 901.7800 -22.9439 0 True
2003.0548 887.6200 -24.1538 0 True
2003.0575 878.3600 -24.9451 0 True
2003.0602 887.3400 -24.1778 0 True
2003.0630 861.4000 -26.3943 0 True
2003.0712 847.4800 -27.5838 0 True
2003.0739 858.5400 -26.6387 0 True
2003.0767 864.3600 -26.1414 0 True
2003.0794 844.6100 -27.8290 0 True
2003.0821 855.7000 -26.8814 0 True
2003.0903 860.3200 -26.4866 0 True
2003.0931 848.2000 -27.5222 0 True
2003.0958 843.5900 -27.9162 0 True
2003.0986 838.1500 -28.3810 0 True
2003.1013 829.6900 -29.1039 0 True
2003.1095 835.9700 -28.5673 0 True
2003.1123 829.2000 -29.1458 0 True
2003.1150 818.6800 -30.0447 0 True
2003.1177 817.3700 -30.1566 0 True
2003.1205 834.8900 -28.6596 0 True
2003.1287 834.8900 -28.6596 0 True
2003.1314 851.1700 -27.2685 0 True
2003.1342 845.1300 -27.7846 0 True
2003.1369 837.1000 -28.4707 0 True
2003.1396 848.1700 -27.5248 0 True
2003.1478 832.5800 -28.8569 0 True
2003.1506 838.5700 -28.3451 0 True
2003.1533 827.5500 -29.2868 0 True
2003.1561 837.2800 -28.4553 0 True
2003.1588 841.1500 -28.1247 0 True
2003.1670 834.8100 -28.6664 0 True
2003.1697 821.9900 -29.7619 0 True
2003.1725 829.8500 -29.0902 0 True
2003.1752 822.1000 -28.7355 0 True
2003.1780 828.8900 -28.1469 0 True
2003.1862 807.4800 -29.7049 0 True
2003.1889 800.7300 -30.2129 0 True
2003.1916 804.1900 -29.9114 0 True
2003.1944 831.9000 -27.4963 0 True
2003.1971 833.2700 -27.3769 0 True
2003.2053 862.7900 -24.8041 0 True
2003.2081 866.4500 -24.4298 0 True
2003.2108 874.0200 -23.1137 0 True
2003.2136 875.6700 -22.5386 0 True
2003.2163 895.7900 -20.7588 0 True
2003.2245 864.2300 -23.5506 0 True
2003.2272 874.7400 -22.6209 0 True
2003.2300 869.9500 -23.0446 0 True
2003.2327 868.5200 -23.1711 0 True
2003.2355 863.5000 -23.4737 0 True
2003.2437 848.1800 -24.8314 0 True
2003.2464 858.4800 -23.9186 0 True
2003.2491 880.9000 -21.9316 0 True
2003.2519 876.4500 -22.1674 0 True
2003.2546 878.8500 -21.8918 0 True
2003.2628 879.9300 -21.7958 0 True
2003.2656 878.2900 -20.7198 0 True
2003.2683 865.9900 -21.7425 0 True
2003.2710 871.5800 -21.2373 0 True
2003.2738 868.3000 -21.5337 0 True
2003.2820 885.2300 -20.0038 0 True
2003.2847 890.8100 -19.4995 0 True
2003.2875 879.9100 -20.4846 0 True
2003.2902 893.5800 -19.2492 0 True
2003.2930 893.5800 -19.2492 0 True
2003.3012 892.0100 -19.3911 0 True
2003.3039 911.3700 -17.6416 0 True
2003.3066 919.0200 -16.9503 0 True
2003.3094 911.4300 -17.6362 0 True
2003.3121 898.8100 -18.7766 0 True
2003.3203 914.8400 -17.3280 0 True
2003.3231 917.8400 -17.0569 0 True
2003.3258 916.9200 -17.1400 0 True
2003.3285 916.3000 -17.1961 0 True
2003.3313 930.0800 -15.9508 0 True
2003.3395 926.5500 -16.2698 0 True
2003.3422 934.3900 -14.8294 0 True
2003.3450 929.6200 -15.2642 0 True
2003.3477 920.2700 -16.1164 0 True
2003.3504 933.4100 -14.9187 0 True
2003.3587 945.1100 -12.7983 0 True
2003.3614 942.3000 -13.0575 0 True
2003.3641 939.2800 -12.5885 0 True
2003.3669 946.6700 -11.3323 0 True
2003.3696 944.3000 -11.5111 0 True
2003.3778 920.7700 -13.7161 0 True
2003.3806 919.7300 -12.3983 0 True
2003.3833 923.4200 -12.0469 0 True
2003.3860 931.8700 -11.2420 0 True
2003.3888 933.2200 -10.0199 0 True
2003.3970 933.2200 -10.0199 0 True
2003.3997 951.4800 -8.2593 0 True
2003.4025 953.2200 -8.0915 0 True
2003.4052 949.6400 -8.4367 0 True
2003.4079 963.5900 -7.0916 0 True
2003.4162 967.0000 -6.7628 0 True
2003.4189 971.5600 -6.3232 0 True
2003.4216 986.2400 -4.9077 0 True
2003.4244 990.1400 -2.9265 0 True
2003.4271 987.7600 -1.8414 0 True
2003.4353 975.9300 -1.6913 0 True
2003.4381 984.8400 -0.7938 0 True
2003.4408 997.4800 0.0000 0 True
2003.4435 998.5100 0.0000 0 True
2003.4463 988.6100 -0.9915 0 True
2003.4545 1010.7400 0.0000 0 True
2003.4572 1011.6600 0.0000 0 True
2003.4600 1010.0900 -0.1552 0 True
2003.4627 994.7000 -1.6765 0 True
2003.4654 995.6900 -1.5786 0 True
2003.4736 981.6400 -2.9674 0 True
2003.4764 983.4500 -2.7885 0 True
2003.4791 975.3200 -3.5921 0 True
2003.4819 985.8200 -2.5542 0 True
2003.4846 976.2200 -3.5032 0 True
2003.4928 974.5000 -3.6732 0 True
2003.4956 982.3200 -2.9002 0 True
2003.4983 993.7500 -1.7704 0 True
2003.5010 985.7000 -2.5661 0 True
2003.5038 985.7000 -2.5661 0 True
2003.5120 1004.4200 -0.7157 0 True
2003.5147 1007.8400 -0.3776 0 True
2003.5175 1002.2100 -0.9341 0 True
2003.5202 988.7000 -2.2695 0 True
2003.5229 998.1400 -1.3364 0 True
2003.5311 1003.8600 -0.7710 0 True
2003.5339 1000.4200 -1.1110 0 True
2003.5366 994.0000 -1.7456 0 True
2003.5394 981.7300 -2.9585 0 True
2003.5421 993.3200 -1.8129 0 True
2003.5503 978.8000 -3.2481 0 True
2003.5530 988.1100 -2.3279 0 True
2003.5558 988.6100 -2.2784 0 True
2003.5585 981.6000 -2.9714 0 True
2003.5613 998.6800 -1.2830 0 True
2003.5695 996.5200 -1.4966 0 True
2003.5722 989.2800 -2.2122 0 True
2003.5749 987.4900 -2.3891 0 True
2003.5777 990.3100 -2.1104 0 True
2003.5804 980.1500 -3.1147 0 True
2003.5886 982.8200 -2.8508 0 True
2003.5914 965.4600 -4.5668 0 True
2003.5941 967.0800 -4.4066 0 True
2003.5969 974.1200 -3.7107 0 True
2003.5996 977.5900 -3.3677 0 True
2003.6078 980.5900 -3.0712 0 True
2003.6105 990.3500 -2.1064 0 True
2003.6133 984.0300 -2.7312 0 True
2003.6160 990.5100 -2.0906 0 True
2003.6188 990.6700 -2.0748 0 False
2003.6270 999.7400 -1.1783 0 False
2003.6297 1002.3500 -0.9203 0 False
2003.6324 1000.3000 -1.1229 0 False
2003.6352 1003.2800 -0.8283 0 False
2003.6379 993.0600 -1.8386 0 False
2003.6461 993.7100 -1.7743 0 False
2003.6489 996.7300 -1.4758 0 False
2003.6516 996.7900 -1.4699 0 False
2003.6543 1002.8400 -0.8718 0 False
2003.6571 1008.0100 -0.3608 0 False
2003.6653 1008.0100 -0.3608 0 False
2003.6680 1021.9900 0.0000 0 False
2003.6708 1026.2700 0.0000 0 False
2003.6735 1027.9700 0.0000 0 False
2003.6762 1021.3900 -0.6401 0 False
2003.6845 1031.6400 0.0000 0 False
2003.6872 1023.1700 -0.8210 0 False
2003.6899 1010.9200 -2.0085 0 False
2003.6927 1016.4200 -1.4753 0 False
2003.6954 1018.6300 -1.2611 0 False
2003.7036 1014.8100 -1.6314 0 False
2003.7064 1029.3200 -0.2249 0 False
2003.7091 1025.9700 -0.5496 0 False
2003.7118 1039.5800 0.0000 0 False
2003.7146 1036.3000 -0.3155 0 False
2003.7228 1022.8200 -1.6122 0 False
2003.7255 1029.0300 -1.0148 0 False
2003.7283 1009.3800 -2.9050 0 False
2003.7310 1003.2700 -3.4928 0 False
2003.7337 996.8500 -4.1103 0 False
2003.7420 1006.5800 -3.1744 0 False
2003.7447 995.9700 -4.1950 0 False
2003.7474 1018.2200 -2.0547 0 False
2003.7502 1020.2400 -1.8604 0 False
2003.7529 1029.8500 -0.9360 0 False
2003.7611 1034.3500 -0.5031 0 False
2003.7639 1039.2500 -0.0317 0 False
2003.7666 1033.7800 -0.5579 0 False
2003.7693 1038.7300 -0.0818 0 False
2003.7721 1038.0600 -0.1462 0 False
2003.7803 1045.3500 0.0000 0 False
2003.7830 1049.4800 0.0000 0 False
2003.7858 1046.7600 -0.2592 0 False
2003.7885 1050.0700 0.0000 0 False
2003.7912 1039.3200 -1.0237 0 False
2003.7995 1044.6800 -0.5133 0 False
2003.8022 1046.0300 -0.3847 0 False
2003.8049 1030.3600 -1.8770 0 False
2003.8077 1033.7700 -1.5523 0 False
2003.8104 1028.9100 -2.0151 0 False
2003.8186 1031.1300 -1.8037 0 False
2003.8214 1046.7900 -0.3124 0 False
2003.8241 1048.1100 -0.1867 0 False
2003.8268 1046.9400 -0.2981 0 False
2003.8296 1050.7100 0.0000 0 False
2003.8378 1059.0200 0.0000 0 False
2003.8405 1053.2500 -0.5448 0 False
2003.8433 1051.8100 -0.6808 0 False
2003.8460 1058.0500 -0.0916 0 False
2003.8487 1053.2100 -0.5486 0 False
2003.8569 1047.1100 -1.1246 0 False
2003.8597 1046.5700 -1.1756 0 False
2003.8624 1058.5600 -0.0434 0 False
2003.8652 1058.4100 -0.0576 0 False
2003.8679 1050.3500 -0.8187 0 False
2003.8761 1043.6300 -1.4532 0 False
2003.8789 1034.1500 -2.3484 0 False
2003.8816 1042.4400 -1.5656 0 False
2003.8843 1033.6500 -2.3956 0 False
2003.8871 1035.2800 -2.2417 0 False
2003.8953 1052.0800 -0.6553 0 False
2003.8980 1053.8900 -0.4844 0 False
2003.9008 1058.4500 -0.0538 0 False
2003.9035 1058.4500 -0.0538 0 False
2003.9062 1058.2000 -0.0774 0 False
2003.9144 1070.1200 0.0000 0 False
2003.9172 1066.6200 -0.3271 0 False
2003.9199 1064.7300 -0.5037 0 False
2003.9227 1069.7200 -0.0374 0 False
2003.9254 1061.5000 -0.8055 0 False
2003.9336 1069.3000 -0.0766 0 False
2003.9363 1060.1800 -0.9289 0 False
2003.9391 1059.0500 -1.0345 0 False
2003.9418 1071.2100 0.0000 0 False
2003.9446 1074.1400 0.0000 0 False
2003.9528 1068.0400 -0.5679 0 False
2003.9555 1075.1300 0.0000 0 False
2003.9582 1076.4800 0.0000 0 False
2003.9610 1089.1800 0.0000 0 False
2003.9637 1088.6700 -0.0468 0 False
2003.9719 1092.9400 0.0000 0 False
2003.9747 1096.0200 0.0000 0 False
2003.9774 1094.0400 -0.1807 0 False
2003.9802 1094.0400 -0.1807 0 False
2003.9829 1095.8900 -0.0119 0 False
2003.9911 1109.4800 0.0000 0 False
2003.9938 1109.6400 0.0000 0 False
2003.9966 1111.9200 0.0000 0 False
2004.0000 1111.9200 0.0000 0 False
2004.0027 1108.4800 -0.3094 0 False
2004.0110 1122.2200 0.0000 0 False
2004.0137 1123.6700 0.0000 0 False
2004.0164 1126.3300 0.0000 0 False
2004.0192 1131.9200 0.0000 0 False
2004.0219 1121.8600 -0.8888 0 False
2004.0301 1127.2300 -0.4143 0 False
2004.0329 1121.2200 -0.9453 0 False
2004.0356 1130.5200 -0.1237 0 False
2004.0383 1132.0500 0.0000 0 False
2004.0411 1139.8300 0.0000 0 False
2004.0493 1139.8300 0.0000 0 False
2004.0520 1138.7700 -0.0930 0 False
2004.0548 1147.6200 0.0000 0 False
2004.0575 1143.9400 -0.3207 0 False
2004.0602 1141.5500 -0.5289 0 False
2004.0684 1155.3700 0.0000 0 False
2004.0712 1144.0500 -0.9798 0 False
2004.0739 1128.4800 -2.3274 0 False
2004.0767 1134.1200 -1.8392 0 False
2004.0794 1131.1300 -2.0980 0 False
2004.0876 1135.2600 -1.7406 0 False
2004.0903 1136.0300 -1.6739 0 False
2004.0931 1126.5300 -2.4962 0 False
2004.0958 1128.5900 -2.3179 0 False
2004.0986 1142.7600 -1.0914 0 False
2004.1068 1139.8100 -1.3468 0 False
2004.1095 1145.5400 -0.8508 0 False
2004.1123 1157.7600 0.0000 0 False
2004.1150 1152.1100 -0.4880 0 False
2004.1177 1145.8100 -1.0322 0 False
2004.1259 1145.8100 -1.0322 0 False
2004.1287 1156.9900 -0.0665 0 False
2004.1314 1151.8200 -0.5131 0 False
2004.1342 1147.0600 -0.9242 0 False
2004.1369 1144.1100 -1.1790 0 False
2004.1451 1140.9900 -1.4485 0 False
2004.1478 1139.0900 -1.6126 0 False
2004.1506 1143.6700 -1.2170 0 False
2004.1533 1144.9100 -1.1099 0 False
2004.1561 1144.9400 -1.1073 0 False
2004.1643 1155.9600 -0.1555 0 False
2004.1670 1149.1000 -0.7480 0 False
2004.1697 1151.0400 -0.5804 0 False
2004.1725 1154.8800 -0.2488 0 False
2004.1752 1156.8700 -0.0769 0 False
2004.1834 1147.2100 -0.9112 0 False
2004.1862 1140.5800 -1.4839 0 False
2004.1889 1123.8900 -2.9255 0 False
2004.1916 1106.7800 -4.4033 0 False
2004.1944 1120.5700 -3.2122 0 False
2004.2026 1104.4900 -4.6011 0 False
2004.2053 1110.7000 -4.0647 0 False
2004.2081 1123.7500 -2.9376 0 False
2004.2108 1122.3200 -3.0611 0 False
2004.2136 1109.7800 -4.1442 0 False
2004.2218 1095.4000 -5.3863 0 False
2004.2245 1093.9500 -5.5115 0 False
2004.2272 1091.3300 -5.7378 0 False
2004.2300 1109.1900 -4.1952 0 False
2004.2327 1108.0600 -4.2928 0 False
2004.2409 1122.4700 -3.0481 0 False
2004.2437 1127.0000 -2.6569 0 False
2004.2464 1126.2100 -2.7251 0 False
2004.2491 1132.1700 -2.2103 0 False
2004.2519 1141.8100 -1.3777 0 False
2004.2601 1150.5700 -0.6210 0 False
2004.2628 1148.1600 -0.8292 0 False
2004.2656 1140.5300 -1.4882 0 False
2004.2683 1139.3200 -1.5927 0 False
2004.2710 1139.3200 -1.5927 0 False
2004.2793 1145.2000 -1.0849 0 False
2004.2820 1129.4400 -2.4461 0 False
2004.2847 1128.1700 -2.5558 0 False
2004.2875 1128.8400 -2.4979 0 False
2004.2902 1134.6100 -1.9996 0 False
2004.2984 1135.8200 -1.8950 0 False
2004.3012 1118.1500 -3.4213 0 False
2004.3039 1124.0900 -2.9082 0 False
2004.3066 1139.9300 -1.5400 0 False
2004.3094 1140.6000 -1.4822 0 False
2004.3176 1135.5300 -1.9201 0 False
2004.3203 1138.1100 -1.6972 0 False
2004.3231 1122.4100 -3.0533 0 False
2004.3258 1113.8900 -3.7892 0 False
2004.3285 1107.3100 -4.3576 0 False
2004.3368 1117.4900 -3.4783 0 False
2004.3395 1119.5500 -3.3003 0 False
2004.3422 1121.5300 -3.1293 0 False
2004.3450 1113.9900 -3.7806 0 False
2004.3477 1098.7000 -5.1012 0 False
2004.3559 1087.1200 -6.1014 0 False
2004.3587 1095.4500 -5.3819 0 False
2004.3614 1097.2800 -5.2239 0 False
2004.3641 1096.4400 -5.2964 0 False
2004.3669 1095.7000 -5.3604 0 False
2004.3751 1084.1000 -6.3623 0 False
2004.3778 1091.4900 -5.7240 0 False
2004.3806 1088.6900 -5.9658 0 False
2004.3833 1089.1900 -5.9226 0 False
2004.3860 1093.5600 -5.5452 0 False
2004.3943 1095.4100 -5.3854 0 False
2004.3970 1113.0500 -3.8618 0 False
2004.3997 1114.9400 -3.6985 0 False
2004.4025 1121.2800 -3.1509 0 False
2004.4052 1120.6800 -3.2027 0 False
2004.4134 1120.6800 -3.2027 0 False
2004.4162 1121.2000 -3.1578 0 False
2004.4189 1124.9900 -2.8305 0 False
2004.4216 1116.6400 -3.5517 0 False
2004.4244 1122.5000 -3.0455 0 False
2004.4326 1140.4200 -1.4977 0 False
2004.4353 1142.1800 -1.3457 0 False
2004.4381 1131.3300 -2.2829 0 False
2004.4408 1136.4700 -1.8389 0 False
2004.4435 1136.4700 -1.8389 0 False
2004.4517 1125.2900 -2.8046 0 False
2004.4545 1132.0100 -2.2241 0 False
2004.4572 1133.5600 -2.0902 0 False
2004.4600 1132.0500 -2.2207 0 False
2004.4627 1135.0200 -1.9641 0 False
2004.4709 1130.3000 -2.3718 0 False
2004.4736 1134.4100 -2.0168 0 False
2004.4764 1144.0600 -1.1833 0 False
2004.4791 1140.6500 -1.4779 0 False
2004.4819 1134.4300 -2.0151 0 False
2004.4901 1133.3500 -2.1084 0 False
2004.4928 1136.2000 -1.8622 0 False
2004.4956 1140.8400 -1.4614 0 False
2004.4983 1128.9400 -2.4893 0 False
2004.5010 1125.3800 -2.7968 0 False
2004.5092 1125.3800 -2.7968 0 False
2004.5120 1116.2100 -3.5888 0 False
2004.5147 1118.3300 -3.4057 0 False
2004.5175 1109.1100 -4.2021 0 False
2004.5202 1112.8100 -3.8825 0 False
2004.5284 1114.3500 -3.7495 0 False
2004.5311 1115.1400 -3.6812 0 False
2004.5339 1111.4700 -3.9982 0 False
2004.5366 1106.6900 -4.4111 0 False
2004.5394 1101.4000 -4.8680 0 False
2004.5476 1100.9100 -4.9103 0 False
2004.5503 1108.6700 -4.2401 0 False
2004.5530 1093.8800 -5.5176 0 False
2004.5558 1096.8500 -5.2610 0 False
2004.5585 1086.2000 -6.1809 0 False
2004.5667 1084.0700 -6.3649 0 False
2004.5695 1094.8300 -5.4355 0 False
2004.5722 1095.4200 -5.3845 0 False
2004.5749 1100.4300 -4.9518 0 False
2004.5777 1101.7200 -4.8404 0 False
2004.5859 1106.6200 -4.4172 0 False
2004.5886 1099.6900 -5.0157 0 False
2004.5914 1098.6300 -5.1073 0 False
2004.5941 1080.7000 -6.6560 0 False
2004.5969 1063.9700 -8.1010 0 False
2004.6051 1065.2200 -7.9930 0 False
2004.6078 1079.0400 -6.7993 0 False
2004.6105 1075.8000 -7.0792 0 False
2004.6133 1063.2300 -8.1649 0 False
2004.6160 1064.8000 -8.0293 0 False
2004.6242 1079.3400 -6.7734 0 False
2004.6270 1081.7100 -6.5687 0 False
2004.6297 1095.1700 -5.4061 0 False
2004.6324 1091.2300 -5.7464 0 False
2004.6352 1098.3500 -5.1315 0 False
2004.6434 1095.6800 -5.3621 0 False
2004.6461 1096.1900 -5.3180 0 False
2004.6489 1104.9600 -4.5605 0 False
2004.6516 1105.0900 -4.5493 0 False
2004.6543 1107.7700 -4.3178 0 False
2004.6626 1099.1500 -5.0624 0 False
2004.6653 1104.2400 -4.6227 0 False
2004.6680 1105.9100 -4.4785 0 False
2004.6708 1118.3100 -3.4074 0 False
2004.6735 1113.6300 -3.8117 0 False
2004.6817 1113.6300 -3.8117 0 False
2004.6845 1121.3000 -3.1492 0 False
2004.6872 1116.2700 -3.5836 0 False
2004.6899 1118.3800 -3.4014 0 False
2004.6927 1123.9200 -2.9229 0 False
2004.7009 1125.8200 -2.7588 0 False
2004.7036 1128.3300 -2.5420 0 False
2004.7064 1120.3700 -3.2295 0 False
2004.7091 1123.5000 -2.9592 0 False
2004.7118 1128.5500 -2.5230 0 False
2004.7201 1122.2000 -3.0714 0 False
2004.7228 1129.3000 -2.4582 0 False
2004.7255 1113.5600 -3.8177 0 False
2004.7283 1108.3600 -4.2669 0 False
2004.7310 1110.1100 -4.1157 0 False
2004.7392 1103.5200 -4.6849 0 False
2004.7420 1110.0600 -4.1200 0 False
2004.7447 1114.8000 -3.7106 0 False
2004.7474 1114.5800 -3.7296 0 False
2004.7502 1131.5000 -2.2682 0 False
2004.7584 1135.1700 -1.9512 0 False
2004.7611 1134.4800 -2.0108 0 False
2004.7639 1142.0500 -1.3569 0 False
2004.7666 1130.6500 -2.3416 0 False
2004.7693 1122.1400 -3.0766 0 False
2004.7775 1124.3900 -2.8823 0 False
2004.7803 1121.8400 -3.1025 0 False
2004.7830 1113.6500 -3.8099 0 False
2004.7858 1103.2900 -4.7048 0 False
2004.7885 1108.2000 -4.2807 0 False
2004.7967 1114.0200 -3.7780 0 False
2004.7995 1103.2300 -4.7100 0 False
2004.8022 1103.6600 -4.6728 0 False
2004.8049 1106.4900 -4.4284 0 False
2004.8077 1095.7300 -5.3578 0 False
2004.8159 1094.8100 -5.4372 0 False
2004.8186 1111.0900 -4.0311 0 False
2004.8214 1125.4000 -2.7951 0 False
2004.8241 1127.4400 -2.6189 0 False
2004.8268 1130.2000 -2.3805 0 False
2004.8350 1130.5100 -2.3537 0 False
2004.8378 1130.5500 -2.3502 0 False
2004.8405 1143.2000 -1.2576 0 False
2004.8433 1161.6700 0.0000 0 False
2004.8460 1166.1700 0.0000 0 False
2004.8542 1164.8900 -0.1098 0 False
2004.8569 1164.0800 -0.1792 0 False
2004.8597 1162.9100 -0.2795 0 False
2004.8624 1173.4800 0.0000 0 False
2004.8652 1184.1700 0.0000 0 False
2004.8734 1183.8200 -0.0296 0 False
2004.8761 1175.4300 -0.7381 0 False
2004.8789 1181.9400 -0.1883 0 False
2004.8816 1183.5500 -0.0524 0 False
2004.8843 1170.3400 -1.1679 0 False
2004.8925 1177.2400 -0.5852 0 False
2004.8953 1176.9400 -0.6106 0 False
2004.8980 1181.7600 -0.2035 0 False
2004.9008 1181.7600 -0.2035 0 False
2004.9035 1182.6500 -0.1284 0 False
2004.9117 1178.5700 -0.4729 0 False
2004.9144 1173.8200 -0.8740 0 False
2004.9172 1191.3700 0.0000 0 False
2004.9199 1190.3300 -0.0873 0 False
2004.9227 1191.1700 -0.0168 0 False
2004.9309 1190.2500 -0.0940 0 False
2004.9336 1177.0800 -1.1995 0 False
2004.9363 1182.8100 -0.7185 0 False
2004.9391 1189.2400 -0.1788 0 False
2004.9418 1188.0000 -0.2829 0 False
2004.9500 1198.6800 0.0000 0 False
2004.9528 1203.3800 0.0000 0 False
2004.9555 1205.7200 0.0000 0 False
2004.9582 1203.2100 -0.2082 0 False
2004.9610 1194.2200 -0.9538 0 False
2004.9692 1194.6500 -0.9181 0 False
2004.9719 1205.4600 -0.0216 0 False
2004.9747 1209.5700 0.0000 0 False
2004.9774 1210.1300 0.0000 0 False
2004.9802 1210.1300 0.0000 0 False
2004.9884 1204.9200 -0.4305 0 False
2004.9911 1213.5400 0.0000 0 False
2004.9938 1213.4500 -0.0074 0 False
2004.9966 1213.5500 0.0000 0 False
2004.9993 1211.9200 -0.1343 0 False
2005.0055 1202.0800 -0.9452 0 False
2005.0082 1188.0500 -2.1013 0 False
2005.0110 1183.7400 -2.4564 0 False
2005.0137 1187.8900 -2.1145 0 False
2005.0164 1186.1900 -2.2545 0 False
2005.0246 1190.2400 -1.9208 0 False
2005.0274 1182.9900 -2.5182 0 False
2005.0301 1187.7000 -2.1301 0 False
2005.0329 1177.4500 -2.9747 0 False
2005.0356 1184.5200 -2.3922 0 False
2005.0438 1184.5200 -2.3922 0 False
2005.0465 1195.9800 -1.4478 0 False
2005.0493 1184.6300 -2.3831 0 False
2005.0520 1175.4100 -3.1428 0 False
2005.0548 1167.8700 -3.7642 0 False
2005.0630 1163.7500 -4.1037 0 False
2005.0657 1168.4100 -3.7197 0 False
2005.0684 1174.0700 -3.2533 0 False
2005.0712 1174.5500 -3.2137 0 False
2005.0739 1171.3600 -3.4766 0 False
2005.0821 1181.2700 -2.6600 0 False
2005.0849 1189.4100 -1.9892 0 False
2005.0876 1193.1900 -1.6777 0 False
2005.0903 1189.8900 -1.9497 0 False
2005.0931 1203.0300 -0.8669 0 False
2005.1013 1201.7200 -0.9748 0 False
2005.1040 1202.3000 -0.9270 0 False
2005.1068 1191.9900 -1.7766 0 False
2005.1095 1197.0100 -1.3629 0 False
2005.1123 1205.3000 -0.6798 0 False
2005.1205 1206.1400 -0.6106 0 False
2005.1232 1210.1300 -0.2818 0 False
2005.1259 1210.3400 -0.2645 0 False
2005.1287 1200.7500 -1.0548 0 False
2005.1314 1201.5900 -0.9855 0 False
2005.1396 1201.5900 -0.9855 0 False
2005.1424 1184.1600 -2.4218 0 False
2005.1451 1190.8000 -1.8747 0 False
2005.1478 1200.2000 -1.1001 0 False
2005.1506 1211.3700 -0.1796 0 False
2005.1588 1203.6000 -0.8199 0 False
2005.1615 1210.4100 -0.2587 0 False
2005.1643 1210.0800 -0.2859 0 False
2005.1670 1210.4700 -0.2538 0 False
2005.1697 1222.1300 0.0000 0 False
2005.1780 1225.3100 0.0000 0 False
2005.1807 1219.4300 -0.4799 0 False
2005.1834 1207.0100 -1.4935 0 False
2005.1862 1209.2500 -1.3107 0 False
2005.1889 1200.0800 -2.0591 0 False
2005.1971 1206.8300 -1.5082 0 False
2005.1999 1197.7500 -2.2492 0 False
2005.2026 1188.0700 -3.0392 0 False
2005.2053 1190.2100 -2.8646 0 False
2005.2081 1189.6500 -2.9103 0 False
2005.2163 1183.7900 -3.3885 0 False
2005.2190 1171.7100 -4.3744 0 False
2005.2218 1172.5300 -4.3075 0 False
2005.2245 1171.4200 -4.3981 0 False
2005.2272 1171.4200 -4.3981 0 False
2005.2355 1174.2800 -4.1647 0 False
2005.2382 1165.3600 -4.8926 0 False
2005.2409 1181.4100 -3.5828 0 False
2005.2437 1180.5900 -3.6497 0 False
2005.2464 1172.9200 -4.2757 0 False
2005.2546 1176.1200 -4.0145 0 False
2005.2574 1181.3900 -3.5844 0 False
2005.2601 1184.0700 -3.3657 0 False
2005.2628 1191.1400 -2.7887 0 False
2005.2656 1181.2000 -3.5999 0 False
2005.2738 1181.2100 -3.5991 0 False
2005.2765 1187.7600 -3.0645 0 False
2005.2793 1173.7900 -4.2047 0 False
2005.2820 1162.0500 -5.1628 0 False
2005.2847 1142.6200 -6.7485 0 False
2005.2930 1145.9800 -6.4743 0 False
2005.2957 1152.7800 -5.9193 0 False
2005.2984 1137.5000 -7.1663 0 False
2005.3012 1159.9500 -5.3342 0 False
2005.3039 1152.1200 -5.9732 0 False
2005.3121 1162.1000 -5.1587 0 False
2005.3149 1151.7400 -6.0042 0 False
2005.3176 1156.3800 -5.6255 0 False
2005.3203 1143.2200 -6.6995 0 False
2005.3231 1156.8500 -5.5872 0 False
2005.3313 1162.1600 -5.1538 0 False
2005.3340 1161.1700 -5.2346 0 False
2005.3368 1175.6500 -4.0529 0 False
2005.3395 1172.6300 -4.2993 0 False
2005.3422 1171.3500 -4.4038 0 False
2005.3504 1178.8400 -3.7925 0 False
2005.3532 1166.2200 -4.8225 0 False
2005.3559 1171.1100 -4.4234 0 False
2005.3587 1159.3600 -5.3823 0 False
2005.3614 1154.0500 -5.8157 0 False
2005.3696 1165.6900 -4.8657 0 False
2005.3723 1173.8000 -4.2038 0 False
2005.3751 1185.5600 -3.2441 0 False
2005.3778 1191.0800 -2.7936 0 False
2005.3806 1189.2800 -2.9405 0 False
2005.3888 1193.8600 -2.5667 0 False
2005.3915 1194.0700 -2.5496 0 False
2005.3943 1190.0100 -2.8809 0 False
2005.3970 1197.6300 -2.2590 0 False
2005.3997 1198.7800 -2.1652 0 False
2005.4079 1198.7800 -2.1652 0 False
2005.4107 1191.5000 -2.7593 0 False
2005.4134 1202.2700 -1.8803 0 False
2005.4162 1204.2900 -1.7155 0 False
2005.4189 1196.0200 -2.3904 0 False
2005.4271 1197.5100 -2.2688 0 False
2005.4298 1197.2600 -2.2892 0 False
2005.4326 1194.6700 -2.5006 0 False
2005.4353 1200.9300 -1.9897 0 False
2005.4381 1198.1100 -2.2198 0 False
2005.4463 1200.8200 -1.9987 0 False
2005.4490 1203.9100 -1.7465 0 False
2005.4517 1206.5800 -1.5286 0 False
2005.4545 1210.9600 -1.1711 0 False
2005.4572 1216.9600 -0.6815 0 False
2005.4654 1216.1000 -0.7516 0 False
2005.4682 1213.6100 -0.9549 0 False
2005.4709 1213.8800 -0.9328 0 False
2005.4736 1200.7300 -2.0060 0 False
2005.4764 1191.5700 -2.7536 0 False
2005.4846 1190.6900 -2.8254 0 False
2005.4873 1201.5700 -1.9375 0 False
2005.4901 1199.8500 -2.0778 0 False
2005.4928 1191.3300 -2.7732 0 False
2005.4956 1194.4400 -2.5194 0 False
2005.5038 1194.4400 -2.5194 0 False
2005.5065 1204.9900 -1.6584 0 False
2005.5092 1194.9400 -2.4786 0 False
2005.5120 1197.8700 -2.2394 0 False
2005.5147 1211.8600 -1.0977 0 False
2005.5229 1219.4400 -0.4791 0 False
2005.5257 1222.2100 -0.2530 0 False
2005.5284 1223.2900 -0.1649 0 False
2005.5311 1226.5000 0.0000 0 False
2005.5339 1227.9200 0.0000 0 False
2005.5421 1221.1300 -0.5530 0 False
2005.5448 1229.3500 0.0000 0 False
2005.5476 1235.2000 0.0000 0 False
2005.5503 1227.0400 -0.6606 0 False
2005.5530 1233.6800 -0.1231 0 False
2005.5613 1229.0300 -0.4995 0 False
2005.5640 1231.1600 -0.3271 0 False
2005.5667 1236.7900 0.0000 0 False
2005.5695 1243.7200 0.0000 0 False
2005.5722 1234.1800 -0.7671 0 False
2005.5804 1235.3500 -0.6730 0 False
2005.5832 1244.1200 0.0000 0 False
2005.5859 1245.0500 0.0000 0 False
2005.5886 1235.8600 -0.7381 0 False
2005.5914 1226.4200 -1.4963 0 False
2005.5996 1223.1300 -1.7606 0 False
2005.6023 1231.3800 -1.0979 0 False
2005.6051 1229.1300 -1.2787 0 False
2005.6078 1237.8100 -0.5815 0 False
2005.6105 1230.3900 -1.1775 0 False
2005.6188 1233.8700 -0.8980 0 False
2005.6215 1219.3400 -2.0650 0 False
2005.6242 1220.2400 -1.9927 0 False
2005.6270 1219.0200 -2.0907 0 False
2005.6297 1219.7100 -2.0353 0 False
2005.6379 1221.7300 -1.8730 0 False
2005.6407 1217.5700 -2.2071 0 False
2005.6434 1209.5900 -2.8481 0 False
2005.6461 1212.4000 -2.6224 0 False
2005.6489 1205.1000 -3.2087 0 False
2005.6571 1212.2800 -2.6320 0 False
2005.6598 1208.4100 -2.9429 0 False
2005.6626 1220.3300 -1.9855 0 False
2005.6653 1221.5900 -1.8843 0 False
2005.6680 1218.0200 -2.1710 0 False
2005.6762 1218.0200 -2.1710 0 False
2005.6790 1233.3900 -0.9365 0 False
2005.6817 1236.3600 -0.6980 0 False
2005.6845 1231.6700 -1.0747 0 False
2005.6872 1241.4800 -0.2867 0 False
2005.6954 1240.5600 -0.3606 0 False
2005.6982 1231.2000 -1.1124 0 False
2005.7009 1227.1600 -1.4369 0 False
2005.7036 1227.7300 -1.3911 0 False
2005.7064 1237.9100 -0.5735 0 False
2005.7146 1231.0200 -1.1269 0 False
2005.7173 1221.3500 -1.9035 0 False
2005.7201 1210.2000 -2.7991 0 False
2005.7228 1214.6200 -2.4441 0 False
2005.7255 1215.2900 -2.3903 0 False
2005.7337 1215.6300 -2.3630 0 False
2005.7365 1215.6600 -2.3605 0 False
2005.7392 1216.8900 -2.2618 0 False
2005.7420 1227.6800 -1.3951 0 False
2005.7447 1228.8100 -1.3044 0 False
2005.7529 1226.7000 -1.4738 0 False
2005.7556 1214.4700 -2.4561 0 False
2005.7584 1196.3900 -3.9083 0 False
2005.7611 1191.4900 -4.3018 0 False
2005.7639 1195.9000 -3.9476 0 False
2005.7721 1187.3300 -4.6360 0 False
2005.7748 1184.8700 -4.8335 0 False
2005.7775 1177.6800 -5.4110 0 False
2005.7803 1176.8400 -5.4785 0 False
2005.7830 1186.5700 -4.6970 0 False
2005.7912 1190.1000 -4.4135 0 False
2005.7940 1178.1400 -5.3741 0 False
2005.7967 1195.7600 -3.9589 0 False
2005.7995 1177.8000 -5.4014 0 False
2005.8022 1179.5900 -5.2576 0 False
2005.8104 1199.3800 -3.6681 0 False
2005.8131 1196.5400 -3.8962 0 False
2005.8159 1191.3800 -4.3107 0 False
2005.8186 1178.9000 -5.3130 0 False
2005.8214 1198.4100 -3.7460 0 False
2005.8296 1207.0100 -3.0553 0 False
2005.8323 1202.7600 -3.3967 0 False
2005.8350 1214.7600 -2.4328 0 False
2005.8378 1219.9400 -2.0168 0 False
2005.8405 1220.1400 -2.0007 0 False
2005.8487 1222.8100 -1.7863 0 False
2005.8515 1218.5900 -2.1252 0 False
2005.8542 1220.6500 -1.9598 0 False
2005.8569 1230.9600 -1.1317 0 False
2005.8597 1234.7100 -0.8305 0 False
2005.8679 1233.7600 -0.9068 0 False
2005.8706 1229.0100 -1.2883 0 False
2005.8734 1231.2100 -1.1116 0 False
2005.8761 1242.8000 -0.1807 0 False
2005.8789 1248.2700 0.0000 0 False
2005.8871 1254.8500 0.0000 0 False
2005.8898 1261.2300 0.0000 0 False
2005.8925 1265.6100 0.0000 0 False
2005.8953 1265.6100 0.0000 0 False
2005.8980 1268.2500 0.0000 0 False
2005.9062 1257.4600 -0.8508 0 False
2005.9090 1257.4800 -0.8492 0 False
2005.9117 1249.4800 -1.4800 0 False
2005.9144 1264.6700 -0.2823 0 False
2005.9172 1265.0800 -0.2500 0 False
2005.9254 1262.0900 -0.4857 0 False
2005.9281 1263.7000 -0.3588 0 False
2005.9309 1257.3700 -0.8579 0 False
2005.9336 1255.8400 -0.9785 0 False
2005.9363 1259.3700 -0.7002 0 False
2005.9446 1260.4300 -0.6166 0 False
2005.9473 1267.4300 -0.0647 0 False
2005.9500 1272.7400 0.0000 0 False
2005.9528 1270.9400 -0.1414 0 False
2005.9555 1267.3200 -0.4259 0 False
2005.9637 1259.9200 -1.0073 0 False
2005.9665 1259.6200 -1.0308 0 False
2005.9692 1262.8000 -0.7810 0 False
2005.9719 1268.1200 -0.3630 0 False
2005.9747 1268.6600 -0.3206 0 False
2005.9829 1268.6600 -0.3206 0 False
2005.9856 1256.5400 -1.2728 0 False
2005.9884 1258.1700 -1.1448 0 False
2005.9911 1254.4200 -1.4394 0 False
2005.9938 1248.2900 -1.9211 0 False
2006.0027 1248.2900 -1.9211 0 False
2006.0055 1268.8000 -0.3096 0 False
2006.0082 1273.4600 0.0000 0 False
2006.0110 1273.4800 0.0000 0 False
2006.0137 1285.4500 0.0000 0 False
2006.0219 1290.1500 0.0000 0 False
2006.0246 1289.6900 -0.0357 0 False
2006.0274 1294.1800 0.0000 0 False
2006.0301 1286.0600 -0.6274 0 False
2006.0329 1287.6100 -0.5077 0 False
2006.0411 1287.6100 -0.5077 0 False
2006.0438 1282.9300 -0.8693 0 False
2006.0465 1277.9300 -1.2556 0 False
2006.0493 1285.0400 -0.7062 0 False
2006.0520 1261.4800 -2.5267 0 False
2006.0602 1263.8300 -2.3451 0 False
2006.0630 1266.8600 -2.1110 0 False
2006.0657 1264.6800 -2.2794 0 False
2006.0684 1273.8300 -1.5724 0 False
2006.0712 1283.7200 -0.8082 0 False
2006.0794 1285.2000 -0.6939 0 False
2006.0821 1280.0900 -1.0887 0 False
2006.0849 1282.4600 -0.9056 0 False
2006.0876 1270.8400 -1.8035 0 False
2006.0903 1264.0300 -2.3297 0 False
2006.0986 1265.0200 -2.2532 0 False
2006.1013 1254.7800 -3.0444 0 False
2006.1040 1265.6500 -2.2045 0 False
2006.1068 1263.7800 -2.3490 0 False
2006.1095 1266.9900 -2.1009 0 False
2006.1177 1262.8600 -2.4201 0 False
2006.1205 1275.5300 -1.4411 0 False
2006.1232 1280.0000 -1.0957 0 False
2006.1259 1289.3800 -0.3709 0 False
2006.1287 1287.2400 -0.5362 0 False
2006.1369 1287.2400 -0.5362 0 False
2006.1396 1283.0300 -0.8615 0 False
2006.1424 1292.6700 -0.1167 0 False
2006.1451 1287.7900 -0.4937 0 False
2006.1478 1289.4300 -0.3670 0 False
2006.1561 1294.1200 -0.0046 0 False
2006.1588 1280.6600 -1.0447 0 False
2006.1615 1291.2400 -0.2272 0 False
2006.1643 1289.1400 -0.3894 0 False
2006.1670 1287.2300 -0.5370 0 False
2006.1752 1278.2600 -1.2301 0 False
2006.1780 1275.8800 -1.4140 0 False
2006.1807 1278.4700 -1.2139 0 False
2006.1834 1272.2300 -1.6961 0 False
2006.1862 1281.5800 -0.9736 0 False
2006.1944 1284.1300 -0.7766 0 False
2006.1971 1297.4800 0.0000 0 False
2006.1999 1303.0200 0.0000 0 False
2006.2026 1305.3300 0.0000 0 False
2006.2053 1307.2500 0.0000 0 False
2006.2136 1305.0800 -0.1660 0 False
2006.2163 1297.2300 -0.7665 0 False
2006.2190 1305.0400 -0.1691 0 False
2006.2218 1301.6700 -0.4269 0 False
2006.2245 1302.9500 -0.3289 0 False
2006.2327 1301.6100 -0.4314 0 False
2006.2355 1293.2200 -1.0732 0 False
2006.2382 1302.8900 -0.3335 0 False
2006.2409 1300.2500 -0.5355 0 False
2006.2437 1294.8300 -0.9501 0 False
2006.2519 1297.8100 -0.7221 0 False
2006.2546 1305.9400 -0.1002 0 False
2006.2574 1311.5600 0.0000 0 False
2006.2601 1309.0400 -0.1921 0 False
2006.2628 1295.5000 -1.2245 0 False
2006.2710 1296.6100 -1.1399 0 False
2006.2738 1286.5800 -1.9046 0 False
2006.2765 1288.1300 -1.7864 0 False
2006.2793 1289.1200 -1.7109 0 False
2006.2820 1289.1200 -1.7109 0 False
2006.2902 1285.3300 -1.9999 0 False
2006.2930 1307.6500 -0.2981 0 False
2006.2957 1309.9300 -0.1243 0 False
2006.2984 1311.4600 -0.0076 0 False
2006.3012 1311.2800 -0.0213 0 False
2006.3094 1308.1100 -0.2630 0 False
2006.3121 1301.7400 -0.7487 0 False
2006.3149 1305.4100 -0.4689 0 False
2006.3176 1309.7200 -0.1403 0 False
2006.3203 1310.6100 -0.0724 0 False
2006.3285 1305.1900 -0.4857 0 False
2006.3313 1313.2100 0.0000 0 False
2006.3340 1307.8500 -0.4082 0 False
2006.3368 1312.2500 -0.0731 0 False
2006.3395 1325.7600 0.0000 0 False
2006.3477 1324.6600 -0.0830 0 False
2006.3504 1325.1400 -0.0468 0 False
2006.3532 1322.8500 -0.2195 0 False
2006.3559 1305.9200 -1.4965 0 False
2006.3587 1291.2400 -2.6038 0 False
2006.3669 1294.5000 -2.3579 0 False
2006.3696 1292.0800 -2.5404 0 False
2006.3723 1270.3200 -4.1818 0 False
2006.3751 1261.8100 -4.8236 0 False
2006.3778 1267.0300 -4.4299 0 False
2006.3860 1262.0700 -4.8040 0 False
2006.3888 1256.5800 -5.2181 0 False
2006.3915 1258.5700 -5.0680 0 False
2006.3943 1272.8800 -3.9887 0 False
2006.3970 1280.1600 -3.4395 0 False
2006.4052 1280.1600 -3.4395 0 False
2006.4079 1259.8400 -4.9722 0 False
2006.4107 1270.0900 -4.1991 0 False
2006.4134 1285.7100 -3.0209 0 False
2006.4162 1288.2200 -2.8316 0 False
2006.4244 1265.2900 -4.5612 0 False
2006.4271 1263.8500 -4.6698 0 False
2006.4298 1256.1500 -5.2506 0 False
2006.4326 1257.9300 -5.1163 0 False
2006.4353 1252.3000 -5.5410 0 False
2006.4435 1236.4000 -6.7403 0 False
2006.4463 1223.6900 -7.6990 0 False
2006.4490 1230.0400 -7.2200 0 False
2006.4517 1256.1600 -5.2498 0 False
2006.4545 1251.5400 -5.5983 0 False
2006.4627 1240.1400 -6.4582 0 False
2006.4654 1240.1200 -6.4597 0 False
2006.4682 1252.2100 -5.5478 0 False
2006.4709 1245.6000 -6.0463 0 False
2006.4736 1244.5000 -6.1293 0 False
2006.4819 1250.5600 -5.6722 0 False
2006.4846 1239.2000 -6.5291 0 False
2006.4873 1246.0000 -6.0162 0 False
2006.4901 1272.8700 -3.9894 0 False
2006.4928 1270.2000 -4.1908 0 False
2006.5010 1280.1900 -3.4373 0 False
2006.5038 1280.1900 -3.4373 0 False
2006.5065 1270.9100 -4.1372 0 False
2006.5092 1274.0800 -3.8981 0 False
2006.5120 1265.4800 -4.5468 0 False
2006.5202 1267.3400 -4.4065 0 False
2006.5229 1272.5200 -4.0158 0 False
2006.5257 1258.6000 -5.0658 0 False
2006.5284 1242.2900 -6.2960 0 False
2006.5311 1236.2000 -6.7554 0 False
2006.5394 1234.4900 -6.8844 0 False
2006.5421 1236.8600 -6.7056 0 False
2006.5448 1259.8100 -4.9745 0 False
2006.5476 1249.1300 -5.7801 0 False
2006.5503 1240.2900 -6.4469 0 False
2006.5585 1260.9100 -4.8915 0 False
2006.5613 1268.8800 -4.2904 0 False
2006.5640 1268.4000 -4.3266 0 False
2006.5667 1263.2000 -4.7188 0 False
2006.5695 1278.5500 -3.5610 0 False
2006.5777 1276.6600 -3.7035 0 False
2006.5804 1270.9200 -4.1365 0 False
2006.5832 1278.5500 -3.5610 0 False
2006.5859 1280.2700 -3.4312 0 False
2006.5886 1279.3600 -3.4999 0 False
2006.5969 1275.7700 -3.7707 0 False
2006.5996 1271.4800 -4.0943 0 False
2006.6023 1265.9500 -4.5114 0 False
2006.6051 1271.8100 -4.0694 0 False
2006.6078 1266.7400 -4.4518 0 False
2006.6160 1268.2100 -4.3409 0 False
2006.6188 1285.5800 -3.0307 0 False
2006.6215 1295.4300 -2.2877 0 False
2006.6242 1297.4800 -2.1331 0 False
2006.6270 1302.3000 -1.7696 0 False
2006.6352 1297.5200 -2.1301 0 False
2006.6379 1298.8200 -2.0320 0 False
2006.6407 1292.9900 -2.4718 0 False
2006.6434 1296.0600 -2.2402 0 False
2006.6461 1295.0900 -2.3134 0 False
2006.6543 1301.7900 -1.8080 0 False
2006.6571 1304.2800 -1.6202 0 False
2006.6598 1304.2700 -1.6210 0 False
2006.6626 1303.8200 -1.6549 0 False
2006.6653 1311.0100 -1.1126 0 False
2006.6735 1311.0100 -1.1126 0 False
2006.6762 1313.2500 -0.9436 0 False
2006.6790 1300.2600 -1.9234 0 False
2006.6817 1294.0200 -2.3941 0 False
2006.6845 1298.9200 -2.0245 0 False
2006.6927 1299.5400 -1.9777 0 False
2006.6954 1313.1100 -0.9542 0 False
2006.6982 1318.0700 -0.5800 0 False
2006.7009 1316.2800 -0.7151 0 False
2006.7036 1319.8700 -0.4443 0 False
2006.7118 1321.1800 -0.3455 0 False
2006.7146 1318.3100 -0.5619 0 False
2006.7173 1325.1800 -0.0437 0 False
2006.7201 1318.0300 -0.5831 0 False
2006.7228 1314.7800 -0.8282 0 False
2006.7310 1326.3700 0.0000 0 False
2006.7337 1336.3400 0.0000 0 False
2006.7365 1336.5900 0.0000 0 False
2006.7392 1339.1500 0.0000 0 False
2006.7420 1335.8500 -0.2464 0 False
2006.7502 1331.3200 -0.5847 0 False
2006.7529 1334.1100 -0.3764 0 False
2006.7556 1350.2200 0.0000 0 False
2006.7584 1353.2200 0.0000 0 False
2006.7611 1349.5800 -0.2690 0 False
2006.7693 1350.6600 -0.1892 0 False
2006.7721 1353.4200 0.0000 0 False
2006.7748 1349.9500 -0.2564 0 False
2006.7775 1362.8300 0.0000 0 False
2006.7803 1365.6200 0.0000 0 False
2006.7885 1369.0600 0.0000 0 False
2006.7912 1364.0500 -0.3659 0 False
2006.7940 1365.9600 -0.2264 0 False
2006.7967 1366.9600 -0.1534 0 False
2006.7995 1368.6000 -0.0336 0 False
2006.8077 1377.0200 0.0000 0 False
2006.8104 1377.3800 0.0000 0 False
2006.8131 1382.2300 0.0000 0 False
2006.8159 1389.0900 0.0000 0 False
2006.8186 1377.3400 -0.8459 0 False
2006.8268 1377.9300 -0.8034 0 False
2006.8296 1377.9400 -0.8027 0 False
2006.8323 1367.8100 -1.5319 0 False
2006.8350 1367.3400 -1.5658 0 False
2006.8378 1364.3000 -1.7846 0 False
2006.8460 1379.7800 -0.6702 0 False
2006.8487 1382.8400 -0.4499 0 False
2006.8515 1385.7200 -0.2426 0 False
2006.8542 1378.3300 -0.7746 0 False
2006.8569 1380.9000 -0.5896 0 False
2006.8652 1384.4200 -0.3362 0 False
2006.8679 1393.2200 0.0000 0 False
2006.8706 1396.5700 0.0000 0 False
2006.8734 1399.7600 0.0000 0 False
2006.8761 1401.2000 0.0000 0 False
2006.8843 1400.5000 -0.0500 0 False
2006.8871 1402.8100 0.0000 0 False
2006.8898 1406.0900 0.0000 0 False
2006.8925 1406.0900 0.0000 0 False
2006.8953 1400.9500 -0.3656 0 False
2006.9035 1381.9000 -1.7204 0 False
2006.9062 1386.7200 -1.3776 0 False
2006.9090 1399.4800 -0.4701 0 False
2006.9117 1400.6300 -0.3883 0 False
2006.9144 1396.7100 -0.6671 0 False
2006.9227 1409.1200 0.0000 0 False
2006.9254 1414.7600 0.0000 0 False
2006.9281 1412.9000 -0.1315 0 False
2006.9309 1407.2900 -0.5280 0 False
2006.9336 1409.8400 -0.3478 0 False
2006.9418 1413.0400 -0.1216 0 False
2006.9446 1411.5600 -0.2262 0 False
2006.9473 1413.2100 -0.1096 0 False
2006.9500 1425.4900 0.0000 0 False
2006.9528 1427.0900 0.0000 0 False
2006.9610 1422.4800 -0.3230 0 False
2006.9637 1425.5500 -0.1079 0 False
2006.9665 1423.5300 -0.2495 0 False
2006.9692 1418.3000 -0.6159 0 False
2006.9719 1410.7700 -1.1436 0 False
2006.9802 1410.7700 -1.1436 0 False
2006.9829 1416.9000 -0.7140 0 False
2006.9856 1426.8400 -0.0175 0 False
2006.9884 1424.7300 -0.1654 0 False
2006.9911 1418.3000 -0.6159 0 False
2007.0000 1418.3000 -0.6159 0 False
2007.0027 1418.3000 -0.6159 0 False
2007.0055 1416.6000 -0.7351 0 False
2007.0082 1418.3400 -0.6131 0 False
2007.0110 1409.7100 -1.2179 0 False
2007.0192 1412.8400 -0.9985 0 False
2007.0219 1412.1100 -1.0497 0 False
2007.0246 1414.8500 -0.8577 0 False
2007.0274 1423.8300 -0.2284 0 False
2007.0301 1430.7300 0.0000 0 False
2007.0383 1430.7300 0.0000 0 False
2007.0411 1431.9000 0.0000 0 False
2007.0438 1430.6200 -0.0894 0 False
2007.0465 1426.3700 -0.3862 0 False
2007.0493 1430.5000 -0.0978 0 False
2007.0575 1422.9600 -0.6243 0 False
2007.0602 1427.9900 -0.2731 0 False
2007.0630 1440.1300 0.0000 0 False
2007.0657 1423.9000 -1.1270 0 False
2007.0684 1422.1800 -1.2464 0 False
2007.0767 1420.6200 -1.3547 0 False
2007.0794 1428.8200 -0.7853 0 False
2007.0821 1438.2400 -0.1312 0 False
2007.0849 1445.9400 0.0000 0 False
2007.0876 1448.3900 0.0000 0 False
2007.0958 1446.9900 -0.0967 0 False
2007.0986 1448.0000 -0.0269 0 False
2007.1013 1450.0200 0.0000 0 False
2007.1040 1448.3100 -0.1179 0 False
2007.1068 1438.0600 -0.8248 0 False
2007.1150 1433.3700 -1.1483 0 False
2007.1177 1444.2600 -0.3972 0 False
2007.1205 1455.3000 0.0000 0 False
2007.1232 1456.8100 0.0000 0 False
2007.1259 1455.5400 -0.0872 0 False
2007.1342 1455.5400 -0.0872 0 False
2007.1369 1459.6800 0.0000 0 False
2007.1396 1457.6300 -0.1404 0 False
2007.1424 1456.3800 -0.2261 0 False
2007.1451 1451.1900 -0.5816 0 False
2007.1533 1449.3800 -0.7056 0 False
2007.1561 1399.0400 -4.1543 0 False
2007.1588 1406.8200 -3.6213 0 False
2007.1615 1403.1700 -3.8714 0 False
2007.1643 1387.1700 -4.9675 0 False
2007.1725 1374.1200 -5.8616 0 False
2007.1752 1395.4100 -4.4030 0 False
2007.1780 1391.9700 -4.6387 0 False
2007.1807 1401.8900 -3.9591 0 False
2007.1834 1402.8500 -3.8933 0 False
2007.1916 1406.6000 -3.6364 0 False
2007.1944 1377.9500 -5.5992 0 False
2007.1971 1387.1700 -4.9675 0 False
2007.1999 1392.2800 -4.6175 0 False
2007.2026 1386.9500 -4.9826 0 False
2007.2108 1402.0600 -3.9474 0 False
2007.2136 1410.9400 -3.3391 0 False
2007.2163 1435.0400 -1.6880 0 False
2007.2190 1434.5400 -1.7223 0 False
2007.2218 1436.1100 -1.6147 0 False
2007.2300 1437.5000 -1.5195 0 False
2007.2327 1428.6100 -2.1285 0 False
2007.2355 1417.2300 -2.9082 0 False
2007.2382 1422.5300 -2.5451 0 False
2007.2409 1420.8600 -2.6595 0 False
2007.2491 1424.5500 -2.4067 0 False
2007.2519 1437.7700 -1.5010 0 False
2007.2546 1439.3700 -1.3914 0 False
2007.2574 1443.7600 -1.0907 0 False
2007.2601 1443.7600 -1.0907 0 False
2007.2683 1444.6100 -1.0324 0 False
2007.2710 1448.3900 -0.7735 0 False
2007.2738 1438.8700 -1.4257 0 False
2007.2765 1447.8000 -0.8139 0 False
2007.2793 1452.8500 -0.4679 0 False
2007.2875 1468.4700 0.0000 0 False
2007.2902 1471.4800 0.0000 0 False
2007.2930 1472.5000 0.0000 0 False
2007.2957 1470.7300 -0.1202 0 False
2007.2984 1484.3500 0.0000 0 False
2007.3066 1480.9300 -0.2304 0 False
2007.3094 1480.4100 -0.2654 0 False
2007.3121 1495.4200 0.0000 0 False
2007.3149 1494.2500 -0.0782 0 False
2007.3176 1494.0700 -0.0903 0 False
2007.3258 1482.3700 -0.8727 0 False
2007.3285 1486.3000 -0.6099 0 False
2007.3313 1495.9200 0.0000 0 False
2007.3340 1502.3900 0.0000 0 False
2007.3368 1505.6200 0.0000 0 False
2007.3450 1509.4800 0.0000 0 False
2007.3477 1507.7200 -0.1166 0 False
2007.3504 1512.5800 0.0000 0 False
2007.3532 1491.4700 -1.3956 0 False
2007.3559 1505.8500 -0.4449 0 False
2007.3641 1503.1500 -0.6234 0 False
2007.3669 1501.1900 -0.7530 0 False
2007.3696 1514.1400 0.0000 0 False
2007.3723 1512.7500 -0.0918 0 False
2007.3751 1522.7500 0.0000 0 False
2007.3833 1525.1000 0.0000 0 False
2007.3860 1524.1200 -0.0643 0 False
2007.3888 1522.2800 -0.1849 0 False
2007.3915 1507.5100 -1.1534 0 False
2007.3943 1515.7300 -0.6144 0 False
2007.4025 1515.7300 -0.6144 0 False
2007.4052 1518.1100 -0.4583 0 False
2007.4079 1530.2300 0.0000 0 False
2007.4107 1530.6200 0.0000 0 False
2007.4134 1536.3400 0.0000 0 False
2007.4216 1539.1800 0.0000 0 False
2007.4244 1530.9500 -0.5347 0 False
2007.4271 1517.3800 -1.4163 0 False
2007.4298 1490.7200 -3.1484 0 False
2007.4326 1507.6700 -2.0472 0 False
2007.4408 1509.1200 -1.9530 0 False
2007.4435 1493.0000 -3.0003 0 False
2007.4463 1515.6700 -1.5274 0 False
2007.4490 1522.9700 -1.0532 0 False
2007.4517 1532.9100 -0.4074 0 False
2007.4600 1531.0500 -0.5282 0 False
2007.4627 1533.7100 -0.3554 0 False
2007.4654 1512.8400 -1.7113 0 False
2007.4682 1522.1900 -1.1038 0 False
2007.4709 1502.5600 -2.3792 0 False
2007.4791 1497.7400 -2.6923 0 False
2007.4819 1492.8900 -3.0074 0 False
2007.4846 1506.3500 -2.1330 0 False
2007.4873 1505.7100 -2.1745 0 False
2007.4901 1503.3500 -2.3279 0 False
2007.4983 1519.4300 -1.2832 0 False
2007.5010 1524.8700 -0.9297 0 False
2007.5038 1524.8700 -0.9297 0 False
2007.5065 1525.4000 -0.8953 0 False
2007.5092 1530.4400 -0.5678 0 False
2007.5175 1531.8500 -0.4762 0 False
2007.5202 1510.1200 -1.8880 0 False
2007.5229 1518.7600 -1.3267 0 False
2007.5257 1547.7000 0.0000 0 False
2007.5284 1552.5000 0.0000 0 False
2007.5366 1549.5200 -0.1919 0 False
2007.5394 1549.3700 -0.2016 0 False
2007.5421 1546.1700 -0.4077 0 False
2007.5448 1553.0800 0.0000 0 False
2007.5476 1534.1000 -1.2221 0 False
2007.5558 1541.5700 -0.7411 0 False
2007.5585 1511.0400 -2.7069 0 False
2007.5613 1518.0900 -2.2529 0 False
2007.5640 1482.6700 -4.5336 0 False
2007.5667 1458.9500 -6.0609 0 False
2007.5749 1473.9100 -5.0976 0 False
2007.5777 1455.2800 -6.2972 0 False
2007.5804 1465.8100 -5.6192 0 False
2007.5832 1472.2000 -5.2077 0 False
2007.5859 1433.0600 -7.7279 0 False
2007.5941 1467.6700 -5.4994 0 False
2007.5969 1476.7100 -4.9173 0 False
2007.5996 1497.4900 -3.5793 0 False
2007.6023 1453.0900 -6.4382 0 False
2007.6051 1453.6400 -6.4028 0 False
2007.6133 1452.9200 -6.4491 0 False
2007.6160 1426.5400 -8.1477 0 False
2007.6188 1406.7000 -9.4251 0 False
2007.6215 1411.2700 -9.1309 0 False
2007.6242 1445.9400 -6.8985 0 False
2007.6324 1445.5500 -6.9237 0 False
2007.6352 1447.1200 -6.8226 0 False
2007.6379 1464.0700 -5.7312 0 False
2007.6407 1462.5000 -5.8323 0 False
2007.6434 1479.3700 -4.7461 0 False
2007.6516 1466.7900 -5.5561 0 False
2007.6543 1432.3600 -7.7729 0 False
2007.6571 1463.7600 -5.7512 1 False
2007.6598 1457.6400 -6.1452 1 False
2007.6626 1473.9900 -5.0925 1 False
2007.6708 1473.9900 -5.0925 1 False
2007.6735 1489.4200 -4.0990 1 False
2007.6762 1472.2900 -5.2019 1 False
2007.6790 1478.5500 -4.7989 1 False
2007.6817 1453.5500 -6.4086 1 False
2007.6899 1451.7000 -6.5277 1 False
2007.6927 1471.4900 -5.2534 1 False
2007.6954 1471.5600 -5.2489 1 False
2007.6982 1483.9500 -4.4512 1 False
2007.7009 1484.2500 -4.4318 1 False
2007.7091 1476.6500 -4.9212 1 False
2007.7118 1519.7800 -2.1441 1 False
2007.7146 1529.0300 -1.5485 1 False
2007.7173 1518.7500 -2.2104 1 False
2007.7201 1525.7500 -1.7597 1 False
2007.7283 1517.7400 -2.2755 1 False
2007.7310 1517.2200 -2.3090 1 False
2007.7337 1525.4200 -1.7810 1 False
2007.7365 1531.3800 -1.3972 1 False
2007.7392 1526.7500 -1.6953 1 False
2007.7474 1547.0400 -0.3889 1 False
2007.7502 1546.6300 -0.4153 1 False
2007.7529 1539.6000 -0.8680 1 False
2007.7556 1542.8400 -0.6593 1 False
2007.7584 1557.5900 0.0000 1 False
2007.7666 1552.5800 -0.3217 1 False
2007.7693 1565.1500 0.0000 1 False
2007.7721 1562.4700 -0.1712 1 False
2007.7748 1554.4100 -0.6862 1 False
2007.7775 1561.8000 -0.2140 1 False
2007.7858 1548.7100 -1.0504 1 False
2007.7885 1538.5300 -1.7008 1 False
2007.7912 1541.2400 -1.5276 1 False
2007.7940 1540.0800 -1.6018 1 False
2007.7967 1500.6300 -4.1223 1 False
2007.8049 1506.3300 -3.7581 1 False
2007.8077 1519.5900 -2.9109 1 False
2007.8104 1515.8800 -3.1479 1 False
2007.8131 1514.4100 -3.2419 1 False
2007.8159 1535.2800 -1.9084 1 False
2007.8241 1540.9800 -1.5443 1 False
2007.8268 1531.0200 -2.1806 1 False
2007.8296 1549.3800 -1.0076 1 False
2007.8323 1508.4400 -3.6233 1 False
2007.8350 1509.6500 -3.5460 1 False
2007.8433 1502.1700 -4.0239 1 False
2007.8460 1520.2700 -2.8675 1 False
2007.8487 1475.6200 -5.7202 1 False
2007.8515 1474.7700 -5.7745 1 False
2007.8542 1453.7000 -7.1207 1 False
2007.8624 1439.1800 -8.0484 1 False
2007.8652 1481.0500 -5.3733 1 False
2007.8679 1470.5800 -6.0422 1 False
2007.8706 1451.1500 -7.2836 1 False
2007.8734 1458.7400 -6.7987 1 False
2007.8816 1433.2700 -8.4260 1 False
2007.8843 1439.7000 -8.0152 1 False
2007.8871 1416.7700 -9.4802 1 False
2007.8898 1416.7700 -9.4802 1 False
2007.8925 1440.7000 -7.9513 1 False
2007.9008 1407.2200 -10.0904 0 True
2007.9035 1428.2300 -8.7480 0 True
2007.9062 1469.0200 -6.1419 0 True
2007.9090 1469.7200 -6.0972 0 True
2007.9117 1481.1400 -5.3675 0 True
2007.9199 1472.4200 -5.9247 0 True
2007.9227 1462.7900 -6.5399 0 True
2007.9254 1485.0100 -5.1203 0 True
2007.9281 1507.3500 -3.6929 0 True
2007.9309 1504.6600 -3.8648 0 True
2007.9391 1515.9600 -3.1428 0 True
2007.9418 1477.6500 -5.5905 0 True
2007.9446 1486.5900 -5.0193 0 True
2007.9473 1488.4100 -4.9030 0 True
2007.9500 1467.9500 -6.2103 0 True
2007.9582 1445.9000 -7.6191 0 True
2007.9610 1454.9800 -7.0389 0 True
2007.9637 1453.0000 -7.1654 0 True
2007.9665 1460.1200 -6.7105 0 True
2007.9692 1484.4600 -5.1554 0 True
2007.9774 1496.4500 -4.3894 0 True
2007.9802 1496.4500 -4.3894 0 True
2007.9829 1497.6600 -4.3120 0 True
2007.9856 1476.3700 -5.6723 0 True
2007.9884 1478.4900 -5.5368 0 True
2007.9966 1468.3600 -6.1841 0 True
2008.0000 1468.3600 -6.1841 0 True
2008.0027 1447.1600 -7.5386 0 True
2008.0055 1447.1600 -7.5386 0 True
2008.0082 1411.6300 -9.8086 0 True
2008.0164 1416.1800 -9.5179 0 True
2008.0192 1390.1900 -11.1785 0 True
2008.0219 1409.1300 -9.9684 0 True
2008.0246 1420.3300 -9.2528 0 True
2008.0274 1401.0200 -10.4865 0 True
2008.0356 1416.2500 -9.5135 0 True
2008.0383 1380.9500 -11.7688 0 True
2008.0411 1373.2000 -12.2640 0 True
2008.0438 1333.2500 -14.8165 0 True
2008.0465 1325.1900 -15.3314 0 True
2008.0548 1325.1900 -15.3314 0 True
2008.0575 1310.5000 -16.2700 0 True
2008.0602 1338.6000 -14.4747 0 True
2008.0630 1352.0700 -13.6140 0 True
2008.0657 1330.6100 -14.9851 0 True
2008.0739 1353.9700 -13.4926 0 True
2008.0767 1362.3000 -12.9604 0 True
2008.0794 1355.8100 -13.3751 0 True
2008.0821 1378.5500 -11.9222 0 True
2008.0849 1395.4200 -10.8443 0 True
2008.0931 1380.8200 -11.7771 0 True
2008.0958 1336.6400 -14.5999 0 True
2008.0986 1326.4500 -15.2509 0 True
2008.1013 1336.9100 -14.5826 0 True
2008.1040 1331.2900 -14.9417 0 True
2008.1123 1339.1300 -14.4408 0 True
2008.1150 1348.8600 -13.8191 0 True
2008.1177 1367.2100 -12.6467 0 True
2008.1205 1348.8600 -13.8191 0 True
2008.1232 1350.0000 -13.7463 0 True
2008.1314 1350.0000 -13.7463 0 True
2008.1342 1348.7800 -13.8242 0 True
2008.1369 1360.0300 -13.1055 0 True
2008.1396 1342.5300 -14.2236 0 True
2008.1424 1353.1100 -13.5476 0 True
2008.1506 1371.8000 -12.3534 0 True
2008.1533 1381.2900 -11.7471 0 True
2008.1561 1380.0200 -11.8283 0 True
2008.1588 1367.6800 -12.6167 0 True
2008.1615 1330.6300 -14.9839 0 True
2008.1697 1331.3400 -14.9385 0 True
2008.1725 1326.7500 -15.2318 0 True
2008.1752 1333.7000 -14.7877 0 True
2008.1780 1304.3400 -16.6636 0 True
2008.1807 1293.3700 -17.3645 0 True
2008.1889 1273.3700 -18.6423 0 True
2008.1916 1320.6500 -15.6215 0 True
2008.1944 1308.7700 -16.3805 0 True
2008.1971 1315.4800 -15.9518 0 True
2008.1999 1288.1400 -17.6986 0 True
2008.2081 1276.6000 -18.4359 0 True
2008.2108 1330.7400 -14.9768 0 True
2008.2136 1298.4200 -17.0418 0 True
2008.2163 1329.5100 -15.0554 0 True
2008.2190 1329.5100 -15.0554 0 True
2008.2272 1349.8800 -13.7540 0 True
2008.2300 1352.9900 -13.5553 0 True
2008.2327 1341.1300 -14.3130 0 True
2008.2355 1325.7600 -15.2950 0 True
2008.2382 1315.2200 -15.9684 0 True
2008.2464 1322.7000 -15.4905 0 True
2008.2491 1370.1800 -12.4570 0 True
2008.2519 1367.5300 -12.6263 0 True
2008.2546 1369.3100 -12.5125 0 True
2008.2574 1370.4000 -12.4429 0 True
2008.2656 1372.5400 -12.3062 0 True
2008.2683 1365.5400 -12.7534 0 True
2008.2710 1354.4900 -13.4594 0 True
2008.2738 1360.5500 -13.0722 0 True
2008.2765 1332.8300 -14.8433 0 True
2008.2847 1328.3200 -15.1315 0 True
2008.2875 1334.4300 -14.7411 0 True
2008.2902 1364.7100 -12.8064 0 True
2008.2930 1365.5600 -12.7521 0 True
2008.2957 1390.3300 -11.1695 0 True
2008.3039 1388.1700 -11.3075 0 True
2008.3066 1375.9400 -12.0889 0 True
2008.3094 1379.9300 -11.8340 0 True
2008.3121 1388.8200 -11.2660 0 True
2008.3149 1397.8400 -10.6897 0 True
2008.3231 1396.3700 -10.7836 0 True
2008.3258 1390.9400 -11.1306 0 True
2008.3285 1385.5900 -11.4724 0 True
2008.3313 1409.3400 -9.9550 0 True
2008.3340 1413.9000 -9.6636 0 True
2008.3422 1407.4900 -10.0732 0 True
2008.3450 1418.2600 -9.3850 0 True
2008.3477 1392.5700 -11.0264 0 True
2008.3504 1397.6800 -10.6999 0 True
2008.3532 1388.2800 -11.3005 0 True
2008.3614 1403.5800 -10.3230 0 True
2008.3641 1403.0400 -10.3575 0 True
2008.3669 1408.6600 -9.9984 0 True
2008.3696 1423.5700 -9.0458 0 True
2008.3723 1425.3500 -8.9321 0 True
2008.3806 1426.6300 -8.8503 0 True
2008.3833 1413.4000 -9.6956 0 True
2008.3860 1390.7100 -11.1453 0 True
2008.3888 1394.3500 -10.9127 0 True
2008.3915 1375.9300 -12.0896 0 True
2008.3997 1375.9300 -12.0896 0 True
2008.4025 1385.3500 -11.4877 0 True
2008.4052 1390.8400 -11.1370 0 True
2008.4079 1398.2600 -10.6629 0 True
2008.4107 1400.3800 -10.5274 0 True
2008.4189 1385.6700 -11.4673 0 True
2008.4216 1377.6500 -11.9797 0 True
2008.4244 1377.2000 -12.0084 0 True
2008.4271 1404.0500 -10.2929 0 True
2008.4298 1360.6800 -13.0639 0 True
2008.4381 1361.7600 -12.9949 0 True
2008.4408 1358.4400 -13.2070 0 True
2008.4435 1335.4900 -14.6734 0 True
2008.4463 1339.8700 -14.3935 0 True
2008.4490 1360.0300 -13.1055 0 True
2008.4572 1360.1400 -13.0984 0 True
2008.4600 1350.9300 -13.6869 0 True
2008.4627 1337.8100 -14.5251 0 True
2008.4654 1342.8300 -14.2044 0 True
2008.4682 1317.9300 -15.7953 0 True
2008.4764 1318.0000 -15.7908 0 True
2008.4791 1314.2900 -16.0279 0 True
2008.4819 1321.9700 -15.5372 0 True
2008.4846 1283.1500 -18.0174 0 True
2008.4873 1278.3800 -18.3222 0 True
2008.4956 1280.0000 -18.2187 0 True
2008.4983 1284.9100 -17.9050 0 True
2008.5010 1261.5200 -19.3994 0 True
2008.5038 1262.9000 -19.3112 0 True
2008.5065 1262.9000 -19.3112 0 True
2008.5147 1252.3100 -19.9879 0 True
2008.5175 1273.7000 -18.6212 0 True
2008.5202 1244.6900 -20.4747 0 True
2008.5229 1253.3900 -19.9189 0 True
2008.5257 1239.4900 -20.8070 0 True
2008.5339 1228.3000 -21.5219 0 True
2008.5366 1214.9100 -22.3774 0 True
2008.5394 1245.3600 -20.4319 0 True
2008.5421 1260.3200 -19.4761 0 True
2008.5448 1260.6800 -19.4531 0 True
2008.5530 1260.0000 -19.4965 0 True
2008.5558 1277.0000 -18.4104 0 True
2008.5585 1282.1900 -18.0788 0 True
2008.5613 1252.5400 -19.9732 0 True
2008.5640 1257.7600 -19.6397 0 True
2008.5722 1234.3700 -21.1341 0 True
2008.5749 1263.2000 -19.2921 0 True
2008.5777 1284.2600 -17.9465 0 True
2008.5804 1267.3800 -19.0250 0 True
2008.5832 1260.3100 -19.4767 0 True
2008.5914 1249.0200 -20.1981 0 True
2008.5941 1284.8800 -17.9069 0 True
2008.5969 1289.1900 -17.6315 0 True
2008.5996 1266.0700 -19.1087 0 True
2008.6023 1296.3200 -17.1760 0 True
2008.6105 1305.3200 -16.6010 0 True
2008.6133 1289.5900 -17.6060 0 True
2008.6160 1285.8300 -17.8462 0 True
2008.6188 1292.9300 -17.3926 0 True
2008.6215 1298.2000 -17.0559 0 True
2008.6297 1278.6000 -18.3081 0 True
2008.6324 1266.6900 -19.0691 0 True
2008.6352 1274.5400 -18.5675 0 True
2008.6379 1277.7200 -18.3644 0 True
2008.6407 1292.2000 -17.4392 0 True
2008.6489 1266.8400 -19.0595 0 True
2008.6516 1271.5100 -18.7611 0 True
2008.6543 1281.6600 -18.1126 0 True
2008.6571 1300.6800 -16.8974 0 True
2008.6598 1282.8300 -18.0379 0 True
2008.6680 1282.8300 -18.0379 0 True
2008.6708 1277.5800 -18.3733 0 True
2008.6735 1274.9800 -18.5394 0 True
2008.6762 1236.8300 -20.9769 0 True
2008.6790 1242.3100 -20.6268 0 True
2008.6872 1267.7900 -18.9988 0 True
2008.6899 1224.5100 -21.7640 0 True
2008.6927 1232.0400 -21.2829 0 True
2008.6954 1249.0500 -20.1961 0 True
2008.6982 1251.7000 -20.0268 0 True
2008.7064 1192.7000 -23.7964 0 True
2008.7091 1213.5900 -22.4617 0 True
2008.7118 1156.3900 -26.1163 0 True
2008.7146 1206.5200 -22.9135 0 True
2008.7173 1255.0800 -19.8109 0 True
2008.7255 1207.0900 -22.8770 0 True
2008.7283 1188.2200 -24.0827 0 True
2008.7310 1185.8700 -24.2328 0 True
2008.7337 1209.1800 -22.6110 0 True
2008.7365 1213.0100 -22.3326 0 True
2008.7447 1106.3900 -29.1593 0 True
2008.7474 1166.3600 -24.7209 0 True
2008.7502 1161.0700 -25.0623 0 True
2008.7529 1114.2800 -28.0822 0 True
2008.7556 1099.2300 -29.0536 0 True
2008.7639 1056.8900 -31.7863 0 True
2008.7666 996.2300 -35.7014 0 True
2008.7693 984.9400 -36.4301 0 True
2008.7721 909.9200 -41.2720 0 True
2008.7748 899.2200 -41.9626 0 True
2008.7830 1003.3500 -35.2418 0 True
2008.7858 998.0100 -35.5865 0 True
2008.7885 907.8400 -41.4062 0 True
2008.7912 946.4300 -38.9156 0 True
2008.7940 940.5500 -38.1327 0 True
2008.8022 985.4000 -35.1826 0 True
2008.8049 955.0500 -37.1789 0 True
2008.8077 896.7800 -41.0118 0 True
2008.8104 908.1100 -40.0967 0 True
2008.8131 876.7700 -42.1640 0 True
2008.8214 848.9200 -44.0012 0 True
2008.8241 940.5100 -37.9594 0 True
2008.8268 930.0900 -38.6468 0 True
2008.8296 954.0900 -37.0636 0 True
2008.8323 968.7500 -36.0966 0 True
2008.8405 966.3000 -36.2582 0 True
2008.8433 1005.7500 -33.6559 0 True
2008.8460 952.7700 -37.1507 0 True
2008.8487 904.8800 -40.3098 0 True
2008.8515 930.9900 -38.5874 0 True
2008.8597 919.2100 -39.3645 0 True
2008.8624 898.9500 -40.7009 0 True
2008.8652 852.3000 -43.7782 0 True
2008.8679 911.2900 -39.8869 0 True
2008.8706 873.2900 -42.3936 0 True
2008.8789 850.7500 -43.8804 0 True
2008.8816 859.1200 -43.3283 0 True
2008.8843 806.5800 -46.7941 0 True
2008.8871 752.4400 -50.3654 0 True
2008.8898 800.0300 -47.2262 0 True
2008.8980 851.8100 -43.8105 0 True
2008.9008 857.3900 -43.4424 0 True
2008.9035 887.6800 -40.7289 0 True
2008.9062 887.6800 -40.7289 0 True
2008.9090 896.2400 -40.1573 0 True
2008.9172 816.2100 -45.5010 0 True
2008.9199 848.8100 -43.3243 0 True
2008.9227 870.7400 -41.8600 0 True
2008.9254 845.2200 -43.5640 0 True
2008.9281 876.0700 -41.5041 0 True
2008.9363 909.7000 -39.2586 0 True
2008.9391 888.6700 -40.6628 0 True
2008.9418 899.2400 -39.9570 0 True
2008.9446 873.5900 -41.6697 0 True
2008.9473 879.7300 -40.4981 0 True
2008.9555 868.5700 -41.2529 0 True
2008.9582 913.1800 -37.8095 0 True
2008.9610 904.4200 -38.4061 0 True
2008.9637 885.2800 -38.8264 0 True
2008.9665 887.8800 -38.6467 0 True
2008.9747 871.6300 -38.9029 0 True
2008.9774 863.1600 -39.4966 0 True
2008.9802 868.1500 -39.1468 0 True
2008.9829 868.1500 -39.1468 0 True
2008.9856 872.8000 -38.8209 0 True
2008.9938 869.4200 -39.0578 0 True
2008.9966 890.6400 -37.5704 0 True
2008.9993 903.2500 -36.6865 0 True
2009.0000 903.2500 -36.6865 0 True
2009.0027 931.8000 -34.6852 0 True
2009.0110 927.4500 -34.9902 0 True
2009.0137 934.7000 -34.4820 0 True
2009.0164 906.6500 -36.4481 0 True
2009.0192 909.7300 -36.2322 0 True
2009.0219 890.3500 -37.5907 0 True
2009.0301 870.2600 -38.9989 0 True
2009.0329 871.7900 -38.8917 0 True
2009.0356 842.6200 -40.9363 0 True
2009.0383 843.7400 -40.8578 0 True
2009.0411 850.1200 -40.4106 0 True
2009.0493 850.1200 -40.4106 0 True
2009.0520 805.2200 -43.5579 0 True
2009.0548 840.2400 -41.1032 0 True
2009.0575 827.5000 -41.9962 0 True
2009.0602 831.9500 -41.6842 0 True
2009.0684 836.5700 -41.3604 0 True
2009.0712 845.7100 -40.7197 0 True
2009.0739 874.0900 -38.7304 0 True
2009.0767 845.1400 -40.7597 0 True
2009.0794 825.8800 -42.1097 0 True
2009.0876 825.4400 -42.1406 0 True
2009.0903 838.5100 -41.2244 0 True
2009.0931 832.2300 -41.6646 0 True
2009.0958 845.8500 -40.7099 0 True
2009.0986 868.6000 -39.1153 0 True
2009.1068 869.8900 -39.0248 0 True
2009.1095 827.1600 -42.0200 0 True
2009.1123 833.7400 -41.5588 0 True
2009.1150 835.1900 -41.4571 0 True
2009.1177 826.8400 -42.0424 0 True
2009.1259 826.8400 -42.0424 0 True
2009.1287 789.1700 -44.6829 0 True
2009.1314 788.4200 -44.7355 0 True
2009.1342 778.9400 -45.4000 0 True
2009.1369 770.0500 -46.0231 0 True
2009.1451 743.3300 -47.8961 0 True
2009.1478 773.1400 -45.8066 0 True
2009.1506 764.9000 -46.3841 0 True
2009.1533 752.8300 -47.2302 0 True
2009.1561 735.0900 -48.4737 0 True
2009.1643 700.8200 -50.8758 0 True
2009.1670 696.3300 -51.1906 0 True
2009.1697 712.8700 -50.0312 0 True
2009.1725 682.5500 -52.1565 0 True
2009.1752 683.3800 -52.0983 0 True
2009.1834 676.5300 -52.5785 0 True
2009.1862 719.6000 -49.5595 0 True
2009.1889 721.3600 -49.4361 0 True
2009.1916 750.7400 -47.3767 0 True
2009.1944 756.5500 -46.9694 0 True
2009.2026 753.8900 -47.1559 0 True
2009.2053 778.1200 -45.4575 0 True
2009.2081 794.3500 -44.3198 0 True
2009.2108 784.0400 -45.0425 0 True
2009.2136 768.5400 -46.1290 0 True
2009.2218 822.9200 -42.3172 0 True
2009.2245 806.1200 -43.4948 0 True
2009.2272 813.8800 -42.9509 0 True
2009.2300 832.8600 -41.6205 0 True
2009.2327 815.9400 -42.8065 0 True
2009.2409 787.5300 -44.7979 0 True
2009.2437 797.8700 -44.0731 0 True
2009.2464 811.0800 -43.1471 0 True
2009.2491 834.3800 -41.5139 0 True
2009.2519 842.5000 -40.9447 0 True
2009.2601 835.4800 -41.4368 0 True
2009.2628 815.5500 -42.8338 0 True
2009.2656 825.1600 -42.1602 0 True
2009.2683 856.5600 -39.9592 0 True
2009.2710 856.5600 -39.9592 0 True
2009.2793 858.7300 -39.8071 0 True
2009.2820 841.5000 -41.0148 0 True
2009.2847 852.0600 -40.2746 0 True
2009.2875 865.3000 -39.3466 0 True
2009.2902 869.6000 -39.0452 0 True
2009.2984 832.3900 -41.6534 0 True
2009.3012 850.0800 -40.4134 0 True
2009.3039 843.5500 -40.8711 0 True
2009.3066 851.9200 -40.2844 0 True
2009.3094 866.2300 -39.2814 0 True
2009.3176 857.5100 -39.8926 0 True
2009.3203 855.1600 -40.0573 0 True
2009.3231 873.6400 -38.7620 0 True
2009.3258 872.8100 -38.8202 0 True
2009.3285 877.5200 -38.4900 0 True
2009.3368 907.2400 -36.4068 0 True
2009.3395 903.8000 -36.6479 0 True
2009.3422 919.5300 -34.9420 0 True
2009.3450 907.3900 -35.3734 0 True
2009.3477 929.2300 -33.8179 0 True
2009.3559 909.2400 -35.2416 0 True
2009.3587 908.3500 -35.3050 0 True
2009.3614 883.9200 -37.0450 0 True
2009.3641 893.0700 -36.3933 0 True
2009.3669 882.8800 -37.1190 0 True
2009.3751 909.7100 -35.2081 0 True
2009.3778 908.1300 -35.3207 0 True
2009.3806 903.4700 -35.6526 0 True
2009.3833 888.3300 -36.7309 0 True
2009.3860 887.0000 -36.8256 0 True
2009.3943 887.0000 -34.8637 0 True
2009.3970 910.3300 -33.1505 0 True
2009.3997 893.0600 -34.3406 0 True
2009.4025 906.8300 -33.3282 0 True
2009.4052 919.1400 -32.4231 0 True
2009.4134 942.8700 -30.6785 0 True
2009.4162 944.7400 -30.5410 0 True
2009.4189 931.7600 -31.0283 0 True
2009.4216 942.4600 -29.8154 0 True
2009.4244 940.0900 -29.9919 0 True
2009.4326 939.1400 -28.9591 0 True
2009.4353 942.4300 -28.7102 0 True
2009.4381 939.1500 -28.9583 0 True
2009.4408 944.8900 -28.5241 0 True
2009.4435 946.2100 -27.5113 0 True
2009.4517 923.7200 -29.2342 0 True
2009.4545 911.9700 -30.1344 0 True
2009.4572 910.7100 -30.2309 0 True
2009.4600 918.3700 -29.6441 0 True
2009.4627 921.2300 -29.4250 0 True
2009.4709 893.0400 -31.5846 0 True
2009.4736 895.1000 -31.4268 0 True
2009.4764 900.9400 -30.9794 0 True
2009.4791 920.2600 -29.4993 0 False
2009.4819 918.9000 -29.6035 0 False
2009.4901 927.2300 -28.9653 0 False
2009.4928 919.3200 -29.5713 0 False
2009.4956 923.3300 -29.2641 0 False
2009.4983 896.4200 -31.3257 0 False
2009.5010 896.4200 -31.3257 0 False
2009.5092 898.7200 -31.1494 0 False
2009.5120 881.0300 -32.5047 0 False
2009.5147 879.5600 -32.6173 0 False
2009.5175 882.6800 -32.3783 0 False
2009.5202 879.1300 -32.6502 0 False
2009.5284 901.0500 -30.9709 0 False
2009.5311 905.8400 -30.6040 0 False
2009.5339 932.6800 -28.5478 0 False
2009.5366 940.7400 -27.9303 0 False
2009.5394 940.3800 -27.9579 0 False
2009.5476 951.1300 -27.1343 0 False
2009.5503 954.5800 -26.8700 0 False
2009.5530 954.0700 -26.9091 0 False
2009.5558 976.2900 -25.2068 0 False
2009.5585 979.2600 -24.9793 0 False
2009.5667 982.1800 -24.7556 0 False
2009.5695 979.6200 -24.9517 0 False
2009.5722 975.1500 -25.0277 0 False
2009.5749 986.7500 -24.1358 0 False
2009.5777 987.4800 -24.0797 0 False
2009.5859 1002.6300 -22.9149 0 False
2009.5886 1005.6500 -22.6828 0 False
2009.5914 1002.7200 -22.9080 0 False
2009.5941 997.0800 -23.3416 0 False
2009.5969 1010.4800 -22.3114 0 False
2009.6051 1007.1000 -22.5713 0 False
2009.6078 994.3500 -23.5515 0 False
2009.6105 1005.8100 -22.6704 0 False
2009.6133 1012.7300 -22.1384 0 False
2009.6160 1004.0900 -22.8027 0 False
2009.6242 979.7300 -23.6274 0 False
2009.6270 989.6700 -22.8526 0 False
2009.6297 996.4600 -22.0041 0 False
2009.6324 1007.3700 -20.9893 0 False
2009.6352 1026.1300 -19.0615 0 False
2009.6434 1025.5700 -19.1057 0 False
2009.6461 1028.0000 -18.9140 0 False
2009.6489 1028.1200 -18.0833 0 False
2009.6516 1030.9800 -17.8554 0 False
2009.6543 1028.9300 -18.0188 0 False
2009.6626 1020.6300 -18.6801 0 False
2009.6653 998.0400 -20.4800 0 False
2009.6680 994.7500 -20.7421 0 False
2009.6708 1003.2400 -20.0657 0 False
2009.6735 1016.4000 -19.0171 0 False
2009.6817 1016.4000 -19.0171 0 False
2009.6845 1025.3900 -15.4673 0 False
2009.6872 1033.3700 -14.8094 0 False
2009.6899 1044.1400 -13.9216 0 False
2009.6927 1042.7300 -14.0378 0 False
2009.7009 1049.3400 -13.4929 0 False
2009.7036 1052.6300 -9.7508 0 False
2009.7064 1068.7600 -8.3679 0 False
2009.7091 1065.4800 -8.2329 0 False
2009.7118 1068.3000 -4.1264 0 False
2009.7201 1064.6600 -3.1449 0 False
2009.7228 1071.6600 0.0000 0 False
2009.7255 1060.8700 -1.0068 0 False
2009.7283 1050.7800 -1.9484 0 False
2009.7310 1044.3800 -2.5456 0 False
2009.7392 1062.9800 -0.8100 0 False
2009.7420 1060.6100 -1.0311 0 False
2009.7447 1057.0800 -1.3605 0 False
2009.7474 1029.8500 -3.9014 0 False
2009.7502 1025.2100 -4.3344 0 False
2009.7584 1040.4600 -2.9114 0 False
2009.7611 1054.7200 -1.5807 0 False
2009.7639 1057.5900 -1.3129 0 False
2009.7666 1065.4800 -0.5767 0 False
2009.7693 1071.4900 -0.0159 0 False
2009.7775 1076.1900 0.0000 0 False
2009.7803 1073.1900 -0.2788 0 False
2009.7830 1092.0200 0.0000 0 False
2009.7858 1096.5600 0.0000 0 False
2009.7885 1087.6800 -0.8098 0 False
2009.7967 1097.9100 0.0000 0 False
2009.7995 1091.0600 -0.6239 0 False
2009.8022 1081.4000 -1.5038 0 False
2009.8049 1092.9100 -0.4554 0 False
2009.8077 1079.6000 -1.6677 0 False
2009.8159 1066.9500 -2.8199 0 False
2009.8186 1063.4200 -3.1414 0 False
2009.8214 1042.6300 -5.0350 0 False
2009.8241 1066.1100 -2.8964 0 False
2009.8268 1036.2000 -5.6207 0 False
2009.8350 1042.8800 -5.0123 0 False
2009.8378 1045.4100 -4.7818 0 False
2009.8405 1046.5000 -4.6825 0 False
2009.8433 1066.6300 -2.8490 0 False
2009.8460 1069.3000 -2.6059 0 False
2009.8542 1093.0800 -0.4399 0 False
2009.8569 1093.0100 -0.4463 0 False
2009.8597 1098.5100 0.0000 0 False
2009.8624 1087.2400 -1.0259 0 False
2009.8652 1093.4800 -0.4579 0 False
2009.8734 1109.3000 0.0000 0 False
2009.8761 1110.3200 0.0000 0 False
2009.8789 1109.8000 -0.0468 0 False
2009.8816 1094.9000 -1.3888 0 False
2009.8843 1091.3800 -1.7058 0 False
2009.8925 1106.2400 -0.3675 0 False
2009.8953 1105.6500 -0.4206 0 False
2009.8980 1110.6300 0.0000 0 False
2009.9008 1110.6300 0.0000 0 False
2009.9035 1091.4900 -1.7233 0 False
2009.9117 1095.6300 -1.3506 0 False
2009.9144 1108.8600 -0.1594 0 False
2009.9172 1109.2300 -0.1261 0 False
2009.9199 1099.9200 -0.9643 0 False
2009.9227 1105.9800 -0.4187 0 False
2009.9309 1103.2500 -0.6645 0 False
2009.9336 1091.9400 -1.6828 0 False
2009.9363 1095.9500 -1.3218 0 False
2009.9391 1102.3500 -0.7455 0 False
2009.9418 1106.4100 -0.3800 0 False
2009.9500 1114.1100 0.0000 0 False
2009.9528 1107.9300 -0.5547 0 False
2009.9555 1109.1800 -0.4425 0 False
2009.9582 1096.0800 -1.6183 0 False
2009.9610 1102.4700 -1.0448 0 False
2009.9692 1114.0500 -0.0054 0 False
2009.9719 1118.0200 0.0000 0 False
2009.9747 1120.5900 0.0000 0 False
2009.9774 1126.4800 0.0000 0 False
2009.9802 1126.4800 0.0000 0 False
2009.9884 1127.7800 0.0000 0 False
2009.9911 1126.2000 -0.1401 0 False
2009.9938 1126.4200 -0.1206 0 False
2009.9966 1115.1000 -1.1243 0 False
2010.0000 1115.1000 -1.1243 0 False
2010.0082 1132.9800 0.0000 0 False
2010.0110 1136.5200 0.0000 0 False
2010.0137 1137.1400 0.0000 0 False
2010.0164 1141.7000 0.0000 0 False
2010.0192 1144.9800 0.0000 0 False
2010.0274 1146.9800 0.0000 0 False
2010.0301 1136.2200 -0.9381 0 False
2010.0329 1145.6800 -0.1133 0 False
2010.0356 1148.4600 0.0000 0 False
2010.0383 1136.0300 -1.0823 0 False
2010.0465 1136.0300 -1.0823 0 False
2010.0493 1150.2300 0.0000 0 False
2010.0520 1138.0400 -1.0598 0 False
2010.0548 1116.4800 -2.9342 0 False
2010.0575 1091.7600 -5.0833 0 False
2010.0657 1096.7900 -4.6460 0 False
2010.0684 1092.1700 -5.0477 0 False
2010.0712 1097.5000 -4.5843 0 False
2010.0739 1084.5300 -5.7119 0 False
2010.0767 1073.8700 -6.6387 0 False
2010.0849 1089.1900 -5.3068 0 False
2010.0876 1103.3200 -4.0783 0 False
2010.0903 1097.2800 -4.6034 0 False
2010.0931 1063.1100 -7.5741 0 False
2010.0958 1066.1900 -7.3064 0 False
2010.1040 1056.7400 -8.1279 0 False
2010.1068 1070.5200 -6.9299 0 False
2010.1095 1068.1400 -7.1368 0 False
2010.1123 1078.4700 -6.2388 0 False
2010.1150 1075.5100 -6.4961 0 False
2010.1232 1075.5100 -6.4961 0 False
2010.1259 1094.8700 -4.8130 0 False
2010.1287 1099.5100 -4.4096 0 False
2010.1314 1106.7500 -3.7801 0 False
2010.1342 1109.1700 -3.5697 0 False
2010.1424 1108.0200 -3.6697 1 False
2010.1451 1094.6000 -4.8364 1 False
2010.1478 1105.2400 -3.9114 1 False
2010.1506 1102.9400 -4.1114 1 False
2010.1533 1104.4900 -3.9766 1 False
2010.1615 1115.7100 -3.0011 1 False
2010.1643 1118.3100 -2.7751 1 False
2010.1670 1118.7900 -2.7334 1 False
2010.1697 1122.9700 -2.3700 1 False
2010.1725 1138.7000 -1.0024 1 False
2010.1807 1138.5100 -1.0189 1 False
2010.1834 1140.4500 -0.8503 1 False
2010.1862 1145.6100 -0.4017 1 False
2010.1889 1150.2400 0.0000 1 False
2010.1916 1149.9900 -0.0217 1 False
2010.1999 1150.5100 0.0000 1 False
2010.2026 1159.4600 0.0000 1 False
2010.2053 1166.2100 0.0000 1 False
2010.2081 1165.8300 -0.0326 1 False
2010.2108 1159.9000 -0.5411 1 False
2010.2190 1165.8100 -0.0343 1 False
2010.2218 1174.1700 0.0000 1 False
2010.2245 1167.7200 -0.5493 1 False
2010.2272 1165.7300 -0.7188 1 False
2010.2300 1166.5900 -0.6456 1 False
2010.2382 1173.2200 -0.0809 1 False
2010.2409 1173.2700 -0.0766 1 False
2010.2437 1169.4300 -0.4037 1 False
2010.2464 1178.1000 0.0000 1 False
2010.2491 1178.1000 0.0000 1 False
2010.2574 1187.4400 0.0000 1 False
2010.2601 1189.4400 0.0000 1 False
2010.2628 1182.4500 -0.5877 1 False
2010.2656 1186.4400 -0.2522 1 False
2010.2683 1194.3700 0.0000 1 False
2010.2765 1196.4800 0.0000 1 False
2010.2793 1197.3000 0.0000 1 False
2010.2820 1210.6500 0.0000 1 False
2010.2847 1211.6700 0.0000 1 False
2010.2875 1192.1300 -1.6127 1 False
2010.2957 1197.5200 -1.1678 1 False
2010.2984 1207.1800 -0.3706 1 False
2010.3012 1205.9500 -0.4721 1 False
2010.3039 1208.6700 -0.2476 1 False
2010.3066 1217.2800 0.0000 1 False
2010.3149 1212.0500 -0.4296 1 False
2010.3176 1183.7100 -2.7578 1 False
2010.3203 1191.3600 -2.1293 1 False
2010.3231 1206.7800 -0.8626 1 False
2010.3258 1186.6900 -2.5130 1 False
2010.3340 1202.2600 -1.2339 1 False
2010.3368 1173.6000 -3.5883 1 False
2010.3395 1165.9000 -4.2209 1 False
2010.3422 1128.1500 -7.3221 1 False
2010.3450 1110.8900 -8.7400 1 False
2010.3532 1159.7300 -4.7278 1 False
2010.3559 1155.7900 -5.0514 1 False
2010.3587 1171.6700 -3.7469 1 False
2010.3614 1157.4400 -4.9159 1 False
2010.3641 1135.6800 -6.7035 1 False
2010.3723 1136.9400 -6.6000 1 False
2010.3751 1120.8000 -7.9259 1 False
2010.3778 1115.0500 -8.3982 1 False
2010.3806 1071.5900 -11.9685 0 True
2010.3833 1087.6900 -10.6459 0 True
2010.3915 1073.6500 -11.7993 0 True
2010.3943 1074.0300 -11.7680 0 True
2010.3970 1067.9500 -12.2675 0 True
2010.3997 1103.0600 -9.3832 0 True
2010.4025 1089.4100 -10.5046 0 True
2010.4107 1089.4100 -10.5046 0 True
2010.4134 1070.7100 -12.0408 0 True
2010.4162 1098.3800 -9.7677 0 True
2010.4189 1102.8300 -9.4021 0 True
2010.4216 1064.8800 -12.5197 0 True
2010.4298 1050.4700 -13.7035 0 True
2010.4326 1062.0000 -12.7563 0 True
2010.4353 1055.6900 -13.2747 0 True
2010.4381 1086.8400 -10.7157 0 True
2010.4408 1091.6000 -10.3247 0 True
2010.4490 1089.6300 -10.4865 0 True
2010.4517 1115.2300 -8.3834 0 True
2010.4545 1114.6100 -8.4344 0 True
2010.4572 1116.0400 -8.3169 0 True
2010.4600 1117.5100 -8.1961 0 True
2010.4682 1113.2000 -8.5502 0 True
2010.4709 1095.3100 -10.0199 0 True
2010.4736 1092.0400 -10.2885 0 True
2010.4764 1073.6900 -11.7960 0 True
2010.4791 1076.7700 -11.5429 0 True
2010.4873 1074.5700 -11.7237 0 True
2010.4901 1041.2400 -14.4618 0 True
2010.4928 1030.7100 -15.3268 0 True
2010.4956 1027.3700 -15.6012 0 True
2010.4983 1022.5800 -15.9947 0 True
2010.5065 1022.5800 -15.9947 0 True
2010.5092 1028.0600 -15.5445 0 True
2010.5120 1060.2700 -12.8984 0 True
2010.5147 1070.2400 -12.0794 0 True
2010.5175 1077.9600 -11.4452 0 True
2010.5257 1078.7500 -11.3803 0 True
2010.5284 1095.3400 -10.0174 0 True
2010.5311 1095.1700 -10.0314 0 True
2010.5339 1096.4800 -9.9238 0 True
2010.5366 1064.8800 -12.5197 0 True
2010.5448 1071.2500 -11.9964 0 True
2010.5476 1083.4800 -10.9917 0 True
2010.5503 1069.5900 -12.1328 0 True
2010.5530 1093.6700 -10.1546 0 True
2010.5558 1102.6600 -9.4161 0 True
2010.5640 1115.0100 -8.4015 0 True
2010.5667 1113.8400 -8.4976 0 True
2010.5695 1106.1300 -9.1310 0 True
2010.5722 1101.5300 -9.5089 0 True
2010.5749 1101.6000 -9.5032 0 True
2010.5832 1125.8600 -7.5102 0 True
2010.5859 1120.4600 -7.9538 0 True
2010.5886 1127.2400 -7.3968 0 True
2010.5914 1125.8200 -7.5135 0 True
2010.5941 1121.6400 -7.8569 0 True
2010.6023 1127.7900 -7.3516 0 True
2010.6051 1121.0600 -7.9045 0 True
2010.6078 1089.4700 -10.4996 0 True
2010.6105 1083.6100 -10.9810 0 True
2010.6133 1079.2500 -11.3392 0 True
2010.6215 1079.3800 -11.3285 0 True
2010.6242 1092.5400 -10.2474 0 True
2010.6270 1094.1600 -10.1144 0 True
2010.6297 1075.6300 -11.6366 0 True
2010.6324 1071.6900 -11.9603 0 True
2010.6407 1067.3600 -12.3160 0 True
2010.6434 1051.8700 -13.5885 0 True
2010.6461 1055.3300 -13.3043 0 True
2010.6489 1047.2200 -13.9705 0 True
2010.6516 1064.5900 -12.5435 0 True
2010.6598 1048.9200 -13.8308 0 True
2010.6626 1049.3300 -13.7972 0 True
2010.6653 1080.2900 -11.2538 0 True
2010.6680 1090.1000 -10.4479 0 True
2010.6708 1104.5100 -9.2641 0 True
2010.6790 1104.5100 -9.2641 0 True
2010.6817 1091.8400 -10.3049 0 True
2010.6845 1098.8700 -9.7274 0 True
2010.6872 1104.1800 -9.2912 0 True
2010.6899 1109.5500 -8.8501 0 True
2010.6982 1121.9000 -7.8355 0 True
2010.7009 1121.1000 -7.9012 0 True
2010.7036 1125.0700 -7.5751 0 True
2010.7064 1124.6600 -7.6088 0 True
2010.7091 1125.5900 -7.5324 0 True
2010.7173 1142.7100 -6.1260 0 True
2010.7201 1139.7800 -6.3667 0 True
2010.7228 1134.2800 -6.8185 0 True
2010.7255 1124.8300 -7.5948 0 True
2010.7283 1148.6700 -5.6363 0 True
2010.7365 1142.1600 -6.1711 0 True
2010.7392 1147.7000 -5.7160 0 True
2010.7420 1144.7300 -5.9600 0 True
2010.7447 1141.2000 -6.2500 0 True
2010.7474 1146.2400 -5.8360 0 True
2010.7556 1137.0300 -6.5926 0 True
2010.7584 1160.7500 -4.6440 0 True
2010.7611 1159.9700 -4.7080 0 True
2010.7639 1158.0600 -4.8649 0 True
2010.7666 1165.1500 -4.2825 0 True
2010.7748 1165.3200 -4.2685 0 True
2010.7775 1169.7700 -3.9030 0 True
2010.7803 1178.1000 -3.2187 0 True
2010.7830 1173.8100 -3.5711 0 True
2010.7858 1176.1900 -3.3756 0 True
2010.7940 1184.7100 -2.6756 0 True
2010.7967 1165.9000 -4.2209 0 True
2010.7995 1178.1700 -3.2129 0 True
2010.8022 1180.2700 -3.0404 0 True
2010.8049 1183.0800 -2.8095 0 True
2010.8131 1185.6200 -2.6009 0 True
2010.8159 1185.6400 -2.5992 0 True
2010.8186 1182.4500 -2.8613 0 True
2010.8214 1183.7800 -2.7520 0 True
2010.8241 1183.2600 -2.7948 0 True
2010.8323 1184.3900 -2.7019 0 True
2010.8350 1193.5700 -1.9478 0 True
2010.8378 1197.9600 -1.5871 0 True
2010.8405 1221.0600 0.0000 0 True
2010.8433 1225.8500 0.0000 0 True
2010.8515 1223.2500 -0.2121 0 True
2010.8542 1213.4000 -1.0156 0 True
2010.8569 1218.7100 -0.5825 0 True
2010.8597 1213.5400 -1.0042 0 True
2010.8624 1199.2100 -2.1732 0 True
2010.8706 1197.7500 -2.2923 0 True
2010.8734 1178.3400 -3.8757 0 True
2010.8761 1178.5900 -3.8553 0 True
2010.8789 1196.6900 -2.3788 0 True
2010.8816 1199.7300 -2.1308 0 True
2010.8898 1197.8400 -2.2849 0 True
2010.8925 1180.7300 -3.6807 0 True
2010.8953 1198.3500 -2.2433 0 True
2010.8980 1198.3500 -2.2433 0 True
2010.9008 1189.4000 -2.9734 0 True
2010.9090 1187.7600 -3.1072 0 True
2010.9117 1180.5500 -3.6954 0 True
2010.9144 1206.0700 -1.6136 0 True
2010.9172 1221.5300 -0.3524 0 True
2010.9199 1224.7100 -0.0930 0 True
2010.9281 1223.1200 -0.2227 0 True
2010.9309 1223.7500 -0.1713 0 True
2010.9336 1228.2800 0.0000 0 True
2010.9363 1233.0000 0.0000 0 True
2010.9391 1240.4000 0.0000 0 True
2010.9473 1240.4600 0.0000 0 True
2010.9500 1241.5900 0.0000 0 True
2010.9528 1235.2300 -0.5122 0 True
2010.9555 1242.8700 0.0000 0 True
2010.9582 1243.9100 0.0000 0 True
2010.9665 1247.0800 0.0000 0 True
2010.9692 1254.6000 0.0000 0 True
2010.9719 1258.8400 0.0000 0 True
2010.9747 1256.7700 -0.1644 0 True
2010.9774 1256.7700 -0.1644 0 True
2010.9856 1257.5400 -0.1033 0 True
2010.9884 1258.5100 -0.0262 0 True
2010.9911 1259.7800 0.0000 0 True
2010.9938 1257.8800 -0.1508 0 True
2010.9966 1257.6400 -0.1699 0 True
2011.0055 1271.8700 0.0000 0 True
2011.0082 1270.2000 -0.1313 0 True
2011.0110 1276.5600 0.0000 0 True
2011.0137 1273.8500 -0.2123 0 True
2011.0164 1271.5000 -0.3964 0 True
2011.0246 1269.7500 -0.5335 0 True
2011.0274 1274.4800 -0.1629 0 True
2011.0301 1285.9600 0.0000 0 True
2011.0329 1283.7600 -0.1711 0 True
2011.0356 1293.2400 0.0000 0 True
2011.0438 1293.2400 0.0000 0 True
2011.0465 1295.0200 0.0000 0 True
2011.0493 1281.9200 -1.0116 0 True
2011.0520 1280.2600 -1.1398 0 True
2011.0548 1283.3500 -0.9011 0 True
2011.0630 1290.8400 -0.3228 0 True
2011.0657 1291.1800 -0.2965 0 True
2011.0684 1296.6300 0.0000 0 True
2011.0712 1299.5400 0.0000 0 True
2011.0739 1276.3400 -1.7852 0 True
2011.0821 1286.1200 -1.0327 0 True
2011.0849 1307.5900 0.0000 0 True
2011.0876 1304.0300 -0.2723 0 True
2011.0903 1307.1000 -0.0375 0 True
2011.0931 1310.8700 0.0000 0 True
2011.1013 1319.0500 0.0000 0 True
2011.1040 1324.5700 0.0000 0 True
2011.1068 1320.8800 -0.2786 0 True
2011.1095 1321.8700 -0.2038 0 True
2011.1123 1329.1500 0.0000 0 True
2011.1205 1332.3200 0.0000 0 True
2011.1232 1328.0100 -0.3235 0 True
2011.1259 1336.3200 0.0000 0 True
2011.1287 1340.4300 0.0000 0 True
2011.1314 1343.0100 0.0000 0 True
2011.1396 1343.0100 0.0000 0 True
2011.1424 1315.4500 -2.0521 0 True
2011.1451 1307.4000 -2.6515 0 True
2011.1478 1306.1000 -2.7483 0 True
2011.1506 1319.8800 -1.7223 0 True
2011.1588 1327.2200 -1.1757 0 True
2011.1615 1306.3300 -2.7312 0 True
2011.1643 1308.4400 -2.5741 0 False
2011.1670 1330.9700 -0.8965 0 False
2011.1697 1321.1500 -1.6277 0 False
2011.1780 1310.1300 -2.4482 0 False
2011.1807 1321.8200 -1.5778 0 False
2011.1834 1320.0300 -1.7111 0 False
2011.1862 1295.1100 -3.5666 0 False
2011.1889 1304.2800 -2.8838 0 False
2011.1971 1296.3900 -3.4713 0 False
2011.1999 1281.8700 -4.5525 0 False
2011.2026 1256.8800 -6.4132 0 False
2011.2053 1273.7100 -5.1601 0 False
2011.2081 1279.2100 -4.7505 0 False
2011.2163 1298.3800 -3.3231 0 False
2011.2190 1293.7700 -3.6664 0 False
2011.2218 1297.5400 -3.3857 0 False
2011.2245 1309.6600 -2.4832 0 False
2011.2272 1313.8000 -2.1750 0 False
2011.2355 1310.1900 -2.4438 0 False
2011.2382 1319.4400 -1.7550 0 False
2011.2409 1328.2600 -1.0983 0 False
2011.2437 1325.8300 -1.2792 0 False
2011.2464 1332.4100 -0.7893 0 False
2011.2546 1332.8700 -0.7550 0 False
2011.2574 1332.6300 -0.7729 0 False
2011.2601 1335.5400 -0.5562 0 False
2011.2628 1333.5100 -0.7074 0 False
2011.2656 1328.1700 -1.1050 0 False
2011.2738 1324.4600 -1.3812 0 False
2011.2765 1314.1600 -2.1482 0 False
2011.2793 1314.4100 -2.1295 0 False
2011.2820 1314.5200 -2.1214 0 False
2011.2847 1319.6800 -1.7371 0 False
2011.2930 1305.1400 -2.8198 0 False
2011.2957 1312.6200 -2.2628 0 False
2011.2984 1330.3600 -0.9419 0 False
2011.3012 1337.3900 -0.4185 0 False
2011.3039 1337.3900 -0.4185 0 False
2011.3121 1335.2500 -0.5778 0 False
2011.3149 1347.2400 0.0000 0 False
2011.3176 1355.6600 0.0000 0 False
2011.3203 1360.4800 0.0000 0 False
2011.3231 1363.6100 0.0000 0 False
2011.3313 1361.2200 -0.1753 0 False
2011.3340 1356.6200 -0.5126 0 False
2011.3368 1347.3200 -1.1946 0 False
2011.3395 1335.1000 -2.0908 0 False
2011.3422 1340.2000 -1.7168 0 False
2011.3504 1346.3000 -1.2694 1 False
2011.3532 1357.1600 -0.4730 1 False
2011.3559 1342.0800 -1.5789 1 False
2011.3587 1348.6500 -1.0971 1 False
2011.3614 1337.7700 -1.8950 1 False
2011.3696 1329.4700 -2.5036 1 False
2011.3723 1328.9800 -2.5396 1 False
2011.3751 1340.6800 -1.6816 1 False
2011.3778 1343.6000 -1.4674 1 False
2011.3806 1333.2700 -2.2250 1 False
2011.3888 1317.3700 -3.3910 1 False
2011.3915 1316.2800 -3.4709 1 False
2011.3943 1320.4700 -3.1637 1 False
2011.3970 1325.6900 -2.7809 1 False
2011.3997 1331.1000 -2.3841 1 False
2011.4079 1331.1000 -2.3841 1 False
2011.4107 1345.2000 -1.3501 1 False
2011.4134 1314.5500 -3.5978 1 False
2011.4162 1312.9400 -3.7159 1 False
2011.4189 1300.1600 -4.6531 1 False
2011.4271 1286.1700 -5.6790 1 False
2011.4298 1284.9400 -5.7692 1 False
2011.4326 1279.5600 -6.1638 1 False
2011.4353 1289.0000 -5.4715 1 False
2011.4381 1270.9800 -6.7930 1 False
2011.4463 1271.8300 -6.7307 1 False
2011.4490 1287.8700 -5.5544 1 False
2011.4517 1265.4200 -7.2007 1 False
2011.4545 1267.6400 -7.0379 1 False
2011.4572 1271.5000 -6.7549 1 False
2011.4654 1278.3600 -6.2518 1 False
2011.4682 1295.5200 -4.9934 1 False
2011.4709 1287.1400 -5.6079 1 False
2011.4736 1283.5000 -5.8748 1 False
2011.4764 1268.4500 -6.9785 1 False
2011.4846 1280.1000 -6.1242 1 False
2011.4873 1296.6700 -4.9090 1 False
2011.4901 1307.4100 -4.1214 1 False
2011.4928 1320.6400 -3.1512 1 False
2011.4956 1339.6700 -1.7556 1 False
2011.5038 1339.6700 -1.7556 1 False
2011.5065 1337.8800 -1.8869 1 False
2011.5092 1339.2300 -1.7879 1 False
2011.5120 1353.2200 -0.7619 1 False
2011.5147 1343.8000 -1.4528 1 False
2011.5229 1319.4900 -3.2355 1 False
2011.5257 1313.6400 -3.6645 1 False
2011.5284 1317.7200 -3.3653 1 False
2011.5311 1308.8700 -4.0143 1 False
2011.5339 1316.1400 -3.4812 1 False
2011.5421 1305.4400 -4.2659 1 False
2011.5448 1326.7300 -2.7046 1 False
2011.5476 1325.8400 -2.7699 1 False
2011.5503 1343.8000 -1.4528 1 False
2011.5530 1345.0200 -1.3633 1 False
2011.5613 1337.4300 -1.9199 1 False
2011.5640 1331.9400 -2.3225 1 False
2011.5667 1304.8900 -4.3062 1 False
2011.5695 1300.6700 -4.6157 1 False
2011.5722 1292.2800 -5.2310 1 False
2011.5804 1286.9400 -5.6226 1 False
2011.5832 1254.0500 -8.0346 1 False
2011.5859 1260.3400 -7.5733 1 False
2011.5886 1200.0700 -11.9932 0 True
2011.5914 1199.3800 -12.0438 0 True
2011.5996 1119.4600 -17.9047 0 True
2011.6023 1172.5300 -14.0128 0 True
2011.6051 1120.7600 -17.8093 0 True
2011.6078 1172.6400 -14.0047 0 True
2011.6105 1178.8100 -13.5523 0 True
2011.6188 1204.4900 -11.6690 0 True
2011.6215 1192.7600 -12.5292 0 True
2011.6242 1193.8900 -12.4464 0 True
2011.6270 1140.6500 -16.3507 0 True
2011.6297 1123.5300 -17.6062 0 True
2011.6379 1123.8200 -17.5849 0 True
2011.6407 1162.3500 -14.7594 0 True
2011.6434 1177.6000 -13.6410 0 True
2011.6461 1159.2700 -14.9852 0 True
2011.6489 1176.8000 -13.6997 0 True
2011.6571 1210.0900 -11.2584 0 True
2011.6598 1212.9200 -11.0508 0 True
2011.6626 1218.8900 -10.6130 0 True
2011.6653 1204.4200 -11.6742 0 True
2011.6680 1173.9700 -13.9072 0 True
2011.6762 1173.9700 -13.9072 0 True
2011.6790 1165.2400 -14.5474 0 True
2011.6817 1198.6200 -12.0995 0 True
2011.6845 1185.9000 -13.0323 0 True
2011.6872 1154.2300 -15.3548 0 True
2011.6954 1162.2700 -14.7652 0 True
2011.6982 1172.8700 -13.9879 0 True
2011.7009 1188.6800 -12.8284 0 True
2011.7036 1209.1100 -11.3302 0 True
2011.7064 1216.0100 -10.8242 0 True
2011.7146 1204.0900 -11.6984 0 True
2011.7173 1202.0900 -11.8450 0 True
2011.7201 1166.7600 -14.4359 0 True
2011.7228 1129.5600 -17.1640 0 True
2011.7255 1136.4300 -16.6602 0 True
2011.7337 1162.9500 -14.7154 0 True
2011.7365 1175.3800 -13.8038 0 True
2011.7392 1151.0600 -15.5873 0 True
2011.7420 1160.4000 -14.9024 0 True
2011.7447 1131.4200 -17.0276 0 True
2011.7529 1099.2300 -19.3882 0 True
2011.7556 1123.9500 -17.5754 0 True
2011.7584 1144.0300 -16.1028 0 True
2011.7611 1164.9700 -14.5672 0 True
2011.7639 1155.4600 -15.2646 0 True
2011.7721 1194.8900 -12.3730 0 True
2011.7748 1195.5400 -12.3254 0 True
2011.7775 1207.2500 -11.4666 0 True
2011.7803 1203.6600 -11.7299 0 True
2011.7830 1224.5800 -10.1957 0 True
2011.7912 1200.8600 -11.9352 0 True
2011.7940 1225.3800 -10.1371 0 True
2011.7967 1209.8800 -11.2738 0 True
2011.7995 1215.3900 -10.8697 0 True
2011.8022 1238.2500 -9.1932 0 True
2011.8104 1254.2000 -8.0236 0 True
2011.8131 1229.0500 -9.8679 0 True
2011.8159 1242.0000 -8.9182 0 True
2011.8186 1284.5900 -5.7949 0 True
2011.8214 1285.0900 -5.7582 0 True
2011.8296 1253.3000 -8.0896 0 True
2011.8323 1218.2800 -10.6577 0 True
2011.8350 1237.9000 -9.2189 0 True
2011.8378 1261.1600 -7.5131 0 True
2011.8405 1253.2300 -8.0947 0 True
2011.8487 1261.1200 -7.5161 0 True
2011.8515 1275.9200 -6.4307 0 True
2011.8542 1229.1000 -9.8643 0 True
2011.8569 1239.6900 -9.0876 0 True
2011.8597 1263.8600 -7.3151 0 True
2011.8679 1251.7800 -8.2010 0 True
2011.8706 1257.8100 -7.7588 0 True
2011.8734 1236.9100 -9.2915 0 True
2011.8761 1216.1300 -10.8154 0 True
2011.8789 1215.6500 -10.8506 0 True
2011.8871 1192.9800 -12.5131 0 True
2011.8898 1188.0400 -12.8754 0 True
2011.8925 1161.7900 -14.8004 0 True
2011.8953 1161.7900 -14.8004 0 True
2011.8980 1158.6700 -15.0292 0 True
2011.9062 1192.5500 -12.5446 0 True
2011.9090 1195.1900 -12.3510 0 True
2011.9117 1246.9600 -8.5545 0 True
2011.9144 1244.5800 -8.7290 0 True
2011.9172 1244.2800 -8.7510 0 True
2011.9254 1257.0800 -7.8124 0 True
2011.9281 1258.4700 -7.7104 0 True
2011.9309 1261.0100 -7.5241 0 True
2011.9336 1234.3500 -9.4792 0 True
2011.9363 1255.1900 -7.9510 0 True
2011.9446 1236.4700 -9.3238 0 True
2011.9473 1225.7300 -10.1114 0 True
2011.9500 1211.8200 -11.1315 0 True
2011.9528 1215.7500 -10.8433 0 True
2011.9555 1219.6600 -10.5565 0 True
2011.9637 1205.3500 -11.6060 0 True
2011.9665 1241.3100 -8.9688 0 True
2011.9692 1243.7200 -8.7921 0 True
2011.9719 1254.0000 -8.0382 0 True
2011.9747 1265.3300 -7.2073 0 True
2011.9829 1265.3300 -7.2073 0 True
2011.9856 1265.4300 -7.2000 0 True
2011.9884 1249.6400 -8.3580 0 True
2011.9911 1263.0200 -7.3767 0 True
2011.9938 1257.6100 -7.7735 0 True
2012.0027 1257.6100 -7.7735 0 True
2012.0055 1277.0600 -6.3471 0 True
2012.0082 1277.3000 -6.3295 0 True
2012.0110 1281.0600 -6.0538 0 True
2012.0137 1277.8100 -6.2921 0 True
2012.0219 1280.7000 -6.0802 0 True
2012.0246 1292.0800 -5.2456 0 True
2012.0274 1292.4800 -5.2163 0 True
2012.0301 1295.5000 -4.9948 0 True
2012.0329 1289.0900 -5.4649 0 True
2012.0411 1289.0900 -5.4649 0 True
2012.0438 1293.6700 -5.1290 0 True
2012.0465 1308.0400 -4.0752 0 True
2012.0493 1314.5000 -3.6015 0 True
2012.0520 1315.3800 -3.5369 0 True
2012.0602 1316.0000 -3.4915 0 True
2012.0630 1314.6600 -3.5897 0 True
2012.0657 1326.0500 -2.7545 0 True
2012.0684 1318.4300 -3.3133 0 True
2012.0712 1316.3300 -3.4673 0 True
2012.0794 1313.0100 -3.7107 0 True
2012.0821 1312.4100 -3.7547 0 True
2012.0849 1324.0900 -2.8982 0 True
2012.0876 1325.5400 -2.7919 0 True
2012.0903 1344.9000 -1.3721 0 True
2012.0986 1344.3300 -1.4139 0 True
2012.1013 1347.0500 -1.2144 0 True
2012.1040 1349.9600 -1.0010 0 True
2012.1068 1351.9500 -0.8551 0 True
2012.1095 1342.6400 -1.5378 0 True
2012.1177 1351.7700 -0.8683 0 True
2012.1205 1350.5000 -0.9614 0 True
2012.1232 1343.2300 -1.4946 0 True
2012.1259 1358.0400 -0.4085 0 True
2012.1287 1361.2300 -0.1745 0 True
2012.1369 1361.2300 -0.1745 0 True
2012.1396 1362.2100 -0.1027 0 True
2012.1424 1357.6600 -0.4363 0 True
2012.1451 1363.4600 -0.0110 0 True
2012.1478 1365.7400 0.0000 0 True
2012.1561 1367.5900 0.0000 0 True
2012.1588 1372.1800 0.0000 0 True
2012.1615 1365.6800 -0.4737 0 True
2012.1643 1374.0900 0.0000 0 True
2012.1670 1369.6300 -0.3246 0 True
2012.1752 1364.3400 -0.7096 0 True
2012.1780 1343.3600 -2.2364 0 True
2012.1807 1352.6300 -1.5618 0 True
2012.1834 1365.9100 -0.5953 0 True
2012.1862 1370.8700 -0.2343 0 True
2012.1944 1371.0900 -0.2183 0 True
2012.1971 1395.9500 0.0000 0 True
2012.1999 1394.2800 -0.1196 0 True
2012.2026 1402.6000 0.0000 0 True
2012.2053 1404.1700 0.0000 0 True
2012.2136 1409.7500 0.0000 0 True
2012.2163 1405.5200 -0.3001 0 True
2012.2190 1402.9000 -0.4859 0 True
2012.2218 1392.7900 -1.2031 0 True
2012.2245 1397.1100 -0.8966 0 True
2012.2327 1416.5100 0.0000 0 True
2012.2355 1412.5200 -0.2817 0 True
2012.2382 1405.5400 -0.7744 0 True
2012.2409 1403.2800 -0.9340 0 True
2012.2437 1408.4700 -0.5676 0 True
2012.2519 1419.0400 0.0000 0 True
2012.2546 1413.3800 -0.3989 0 True
2012.2574 1398.9600 -1.4150 0 True
2012.2601 1398.0800 -1.4771 0 True
2012.2628 1398.0800 -1.4771 0 True
2012.2710 1382.2000 -2.5961 0 True
2012.2738 1358.5900 -4.2599 0 True
2012.2765 1368.7100 -3.5468 0 True
2012.2793 1387.5700 -2.2177 0 True
2012.2820 1370.2600 -3.4375 0 True
2012.2902 1369.5700 -3.4862 0 True
2012.2930 1390.7800 -1.9915 0 True
2012.2957 1385.1400 -2.3889 0 True
2012.2984 1376.9200 -2.9682 0 True
2012.3012 1378.5300 -2.8547 0 True
2012.3094 1366.9400 -3.6715 0 True
2012.3121 1371.9700 -3.3170 0 True
2012.3149 1390.6900 -1.9978 0 False
2012.3176 1399.9800 -1.3432 0 False
2012.3203 1403.3600 -1.1050 0 False
2012.3285 1397.9100 -1.4890 0 False
2012.3313 1405.8200 -0.9316 0 False
2012.3340 1402.3100 -1.1790 0 False
2012.3368 1391.5700 -1.9358 0 False
2012.3395 1369.1000 -3.5193 0 False
2012.3477 1369.5800 -3.4855 0 False
2012.3504 1363.7200 -3.8984 0 False
2012.3532 1354.5800 -4.5425 0 False
2012.3559 1357.9900 -4.3022 0 False
2012.3587 1353.3900 -4.6264 0 False
2012.3669 1338.3500 -5.6862 0 False
2012.3696 1330.6600 -6.2282 0 False
2012.3723 1324.8000 -6.6411 0 False
2012.3751 1304.8600 -8.0463 0 False
2012.3778 1295.2200 -8.7256 0 False
2012.3860 1315.9900 -7.2620 0 False
2012.3888 1316.6300 -7.2169 0 False
2012.3915 1318.8600 -7.0597 0 False
2012.3943 1320.6800 -6.9314 0 False
2012.3970 1317.8200 -7.1330 0 False
2012.4052 1317.8200 -7.1330 0 False
2012.4079 1332.4200 -6.1041 0 False
2012.4107 1313.3200 -7.4501 0 False
2012.4134 1310.3300 -7.6608 0 False
2012.4162 1278.0500 -9.9356 0 False
2012.4244 1278.1800 -9.9264 0 False
2012.4271 1285.5000 -9.4106 0 False
2012.4298 1315.1300 -7.3226 0 False
2012.4326 1314.9900 -7.3324 0 False
2012.4353 1325.6600 -6.5805 0 False
2012.4435 1308.9300 -7.7595 0 False
2012.4463 1324.1800 -6.6848 0 False
2012.4490 1314.8800 -7.3402 0 False
2012.4517 1329.1000 -6.3381 0 False
2012.4545 1342.8400 -5.3698 0 False
2012.4627 1344.7800 -5.2331 0 False
2012.4654 1357.9800 -4.3029 0 False
2012.4682 1355.6900 -4.4643 0 False
2012.4709 1325.5100 -6.5911 0 False
2012.4736 1335.0200 -5.9209 0 False
2012.4819 1313.7200 -7.4219 0 False
2012.4846 1319.9900 -6.9801 0 False
2012.4873 1331.8500 -6.1443 0 False
2012.4901 1329.0400 -6.3423 0 False
2012.4928 1362.1600 -4.0083 0 False
2012.5010 1365.5100 -3.7723 0 False
2012.5038 1374.0200 -3.1726 0 False
2012.5065 1374.0200 -3.1726 0 False
2012.5092 1367.5800 -3.6264 0 False
2012.5120 1354.6800 -4.5355 0 False
2012.5202 1352.4600 -4.6919 0 False
2012.5229 1341.4700 -5.4664 0 False
2012.5257 1341.4600 -5.4671 0 False
2012.5284 1334.7600 -5.9392 0 False
2012.5311 1356.7800 -4.3875 0 False
2012.5394 1353.6400 -4.6087 0 False
2012.5421 1363.6700 -3.9019 0 False
2012.5448 1372.7800 -3.2600 0 False
2012.5476 1376.5100 -2.9971 0 False
2012.5503 1362.6600 -3.9731 0 False
2012.5585 1350.5200 -4.8286 0 False
2012.5613 1338.3100 -5.6891 0 False
2012.5640 1337.8900 -5.7187 0 False
2012.5667 1360.0200 -4.1591 0 False
2012.5695 1385.9700 -2.3304 0 False
2012.5777 1385.3000 -2.3777 0 False
2012.5804 1379.3200 -2.7991 0 False
2012.5832 1375.1400 -3.0936 0 False
2012.5859 1365.0000 -3.8082 0 False
2012.5886 1390.9900 -1.9767 0 False
2012.5969 1394.2300 -1.7484 0 False
2012.5996 1401.3500 -1.2466 0 False
2012.6023 1402.2200 -1.1853 0 False
2012.6051 1402.8000 -1.1444 0 False
2012.6078 1405.8700 -0.9281 0 False
2012.6160 1404.1100 -1.0521 0 False
2012.6188 1403.9300 -1.0648 0 False
2012.6215 1405.5300 -0.9521 0 False
2012.6242 1415.5100 -0.2488 0 False
2012.6270 1418.1600 -0.0620 0 False
2012.6352 1418.1300 -0.0641 0 False
2012.6379 1413.1700 -0.4137 0 False
2012.6407 1413.4900 -0.3911 0 False
2012.6434 1402.0800 -1.1952 0 False
2012.6461 1411.1300 -0.5574 0 False
2012.6543 1410.4400 -0.6060 0 False
2012.6571 1409.3000 -0.6864 0 False
2012.6598 1410.4900 -0.6025 0 False
2012.6626 1399.4800 -1.3784 0 False
2012.6653 1406.5800 -0.8781 0 False
2012.6735 1406.5800 -0.8781 0 False
2012.6762 1404.9400 -0.9936 0 False
2012.6790 1403.4300 -1.1000 0 False
2012.6817 1432.1200 0.0000 0 False
2012.6845 1437.9200 0.0000 0 False
2012.6927 1429.0800 -0.6148 0 False
2012.6954 1433.5700 -0.3025 0 False
2012.6982 1436.5600 -0.0946 0 False
2012.7009 1459.9900 0.0000 0 False
2012.7036 1465.7700 0.0000 0 False
2012.7118 1461.1900 -0.3125 0 False
2012.7146 1459.3200 -0.4400 0 False
2012.7173 1461.0500 -0.3220 0 False
2012.7201 1460.2600 -0.3759 0 False
2012.7228 1460.1500 -0.3834 0 False
2012.7310 1456.8900 -0.6058 0 False
2012.7337 1441.5900 -1.6496 0 False
2012.7365 1433.3200 -2.2139 0 False
2012.7392 1447.1500 -1.2703 0 False
2012.7420 1440.6700 -1.7124 0 False
2012.7502 1444.4900 -1.4518 0 False
2012.7529 1445.7500 -1.3658 0 False
2012.7556 1450.9900 -1.0083 0 False
2012.7584 1461.4000 -0.2981 0 False
2012.7611 1460.9300 -0.3302 0 False
2012.7693 1455.8800 -0.6747 0 False
2012.7721 1441.4800 -1.6571 0 False
2012.7748 1432.5600 -2.2657 0 False
2012.7775 1432.8400 -2.2466 0 False
2012.7803 1428.5900 -2.5366 0 False
2012.7885 1440.1300 -1.7493 0 False
2012.7912 1454.9200 -0.7402 0 False
2012.7940 1460.9100 -0.3316 0 False
2012.7967 1457.3400 -0.5751 0 False
2012.7995 1433.1900 -2.2227 0 False
2012.8077 1433.8200 -2.1797 0 False
2012.8104 1413.1100 -3.5927 0 False
2012.8131 1408.7500 -3.8901 0 False
2012.8159 1412.9700 -3.6022 0 False
2012.8186 1411.9400 -3.6725 0 False
2012.8268 1411.9400 -3.6725 0 False
2012.8296 1411.9400 -3.6725 0 False
2012.8323 1412.1600 -3.6575 0 False
2012.8350 1427.5900 -2.6048 0 False
2012.8378 1414.2000 -3.5183 0 False
2012.8460 1417.2600 -3.3095 0 False
2012.8487 1428.3900 -2.5502 0 False
2012.8515 1394.5300 -4.8602 0 False
2012.8542 1377.5100 -6.0214 0 False
2012.8569 1379.8500 -5.8618 0 False
2012.8652 1380.0300 -5.8495 0 False
2012.8679 1374.5300 -6.2247 0 False
2012.8706 1355.4900 -7.5237 0 False
2012.8734 1353.3300 -7.6711 0 False
2012.8761 1359.8800 -7.2242 0 False
2012.8843 1386.8900 -5.3815 0 False
2012.8871 1387.8100 -5.3187 0 False
2012.8898 1391.0300 -5.0990 0 False
2012.8925 1391.0300 -5.0990 0 False
2012.8953 1409.1500 -3.8628 0 False
2012.9035 1406.2900 -4.0579 0 False
2012.9062 1398.9400 -4.5594 0 False
2012.9090 1409.9300 -3.8096 0 False
2012.9117 1415.9500 -3.3989 0 False
2012.9144 1416.1800 -3.3832 0 False
2012.9227 1409.4600 -3.8417 0 False
2012.9254 1407.0500 -4.0061 0 False
2012.9281 1409.2800 -3.8539 0 False
2012.9309 1413.9400 -3.5360 0 False
2012.9336 1418.0700 -3.2543 0 False
2012.9418 1418.5500 -3.2215 0 False
2012.9446 1427.8400 -2.5877 0 False
2012.9473 1428.4800 -2.5441 0 False
2012.9500 1419.4500 -3.1601 0 False
2012.9528 1413.5800 -3.5606 0 False
2012.9610 1430.3600 -2.4158 0 False
2012.9637 1446.7900 -1.2949 0 False
2012.9665 1435.8100 -2.0440 0 False
2012.9692 1443.6900 -1.5064 0 False
2012.9719 1430.1500 -2.4301 0 False
2012.9802 1426.6600 -2.6682 0 False
2012.9829 1426.6600 -2.6682 0 False
2012.9856 1419.8300 -3.1342 0 False
2012.9884 1418.1000 -3.2522 0 False
2012.9911 1402.4300 -4.3213 0 False
2012.9993 1426.1900 -2.7003 0 False
2013.0000 1426.1900 -2.7003 0 False
2013.0027 1462.4200 -0.2285 0 False
2013.0055 1459.3700 -0.4366 0 False
2013.0082 1466.4700 0.0000 0 False
2013.0164 1461.8900 -0.3123 0 False
2013.0192 1457.1500 -0.6355 0 False
2013.0219 1461.0200 -0.3716 0 False
2013.0246 1472.1200 0.0000 0 False
2013.0274 1472.0500 -0.0048 0 False
2013.0356 1470.6800 -0.0978 0 False
2013.0383 1472.3400 0.0000 0 False
2013.0411 1472.6300 0.0000 0 False
2013.0438 1480.9400 0.0000 0 False
2013.0465 1485.9800 0.0000 0 False
2013.0548 1485.9800 0.0000 0 False
2013.0575 1492.5600 0.0000 0 False
2013.0602 1494.8100 0.0000 0 False
2013.0630 1494.8200 0.0000 0 False
2013.0657 1502.9600 0.0000 0 False
2013.0739 1500.1800 -0.1850 0 False
2013.0767 1507.8400 0.0000 0 False
2013.0794 1501.9600 -0.3900 0 False
2013.0821 1498.1100 -0.6453 0 False
2013.0849 1513.1700 0.0000 0 False
2013.0931 1495.7100 -1.1539 0 False
2013.0958 1511.2900 -0.1242 0 False
2013.0986 1512.1200 -0.0694 0 False
2013.1013 1509.3900 -0.2498 0 False
2013.1040 1517.9300 0.0000 0 False
2013.1123 1517.0100 -0.0606 0 False
2013.1150 1519.4300 0.0000 0 False
2013.1177 1520.3300 0.0000 0 False
2013.1205 1521.3800 0.0000 0 False
2013.1232 1519.7900 -0.1045 0 False
2013.1314 1519.7900 -0.1045 0 False
2013.1342 1530.9400 0.0000 0 False
2013.1369 1511.9500 -1.2404 0 False
2013.1396 1502.4200 -1.8629 0 False
2013.1424 1515.6000 -1.0020 0 False
2013.1506 1487.8500 -2.8146 0 False
2013.1533 1496.9400 -2.2209 0 False
2013.1561 1515.9900 -0.9765 0 False
2013.1588 1514.6800 -1.0621 0 False
2013.1615 1518.2000 -0.8322 0 False
2013.1697 1525.2000 -0.3749 0 False
2013.1725 1539.7900 0.0000 0 False
2013.1752 1541.4600 0.0000 0 False
2013.1780 1544.2600 0.0000 0 False
2013.1807 1551.1800 0.0000 0 False
2013.1889 1556.2200 0.0000 0 False
2013.1916 1552.4800 -0.2403 0 False
2013.1944 1554.5200 -0.1092 0 False
2013.1971 1563.2300 0.0000 0 False
2013.1999 1560.7000 -0.1618 0 False
2013.2081 1552.1000 -0.7120 0 False
2013.2108 1548.3400 -0.9525 0 False
2013.2136 1558.7100 -0.2891 0 False
2013.2163 1545.8000 -1.1150 0 False
2013.2190 1556.8900 -0.4056 0 False
2013.2272 1551.6900 -0.7382 0 False
2013.2300 1563.7700 0.0000 0 False
2013.2327 1562.8500 -0.0588 0 False
2013.2355 1569.1900 0.0000 0 False
2013.2382 1569.1900 0.0000 0 False
2013.2464 1562.1700 -0.4474 0 False
2013.2491 1570.2500 0.0000 0 False
2013.2519 1553.6900 -1.0546 0 False
2013.2546 1559.9800 -0.6540 0 False
2013.2574 1553.2800 -1.0807 0 False
2013.2656 1563.0700 -0.4573 0 False
2013.2683 1568.6100 -0.1044 0 False
2013.2710 1587.7300 0.0000 0 False
2013.2738 1593.3700 0.0000 0 False
2013.2765 1588.8500 -0.2837 0 False
2013.2847 1552.3600 -2.5738 0 False
2013.2875 1574.5700 -1.1799 0 False
2013.2902 1552.0100 -2.5958 0 False
2013.2930 1541.6100 -3.2485 0 False
2013.2957 1555.2500 -2.3924 0 False
2013.3039 1562.5000 -1.9374 0 False
2013.3066 1578.7800 -0.9157 0 False
2013.3094 1578.7900 -0.9150 0 False
2013.3121 1585.1600 -0.5153 0 False
2013.3149 1582.2400 -0.6985 0 False
2013.3231 1593.6100 0.0000 0 False
2013.3258 1597.5700 0.0000 0 False
2013.3285 1582.7000 -0.9308 0 False
2013.3313 1597.5900 0.0000 0 False
2013.3340 1614.4200 0.0000 0 False
2013.3422 1617.5000 0.0000 0 False
2013.3450 1625.9600 0.0000 0 False
2013.3477 1632.6900 0.0000 0 False
2013.3504 1626.6700 -0.3687 0 False
2013.3532 1633.7000 0.0000 0 False
2013.3614 1633.7700 0.0000 0 False
2013.3641 1650.3400 0.0000 0 False
2013.3669 1658.7800 0.0000 0 False
2013.3696 1650.4700 -0.5010 0 False
2013.3723 1667.4700 0.0000 0 False
2013.3806 1666.2900 -0.0708 0 False
2013.3833 1669.1600 0.0000 0 False
2013.3860 1655.3500 -0.8274 0 False
2013.3888 1650.5100 -1.1173 0 False
2013.3915 1649.6000 -1.1718 0 False
2013.3997 1649.6000 -1.1718 0 False
2013.4025 1660.0600 -0.5452 0 False
2013.4052 1648.3600 -1.2461 0 False
2013.4079 1654.4100 -0.8837 0 False
2013.4107 1630.7400 -2.3018 0 False
2013.4189 1640.4200 -1.7218 0 False
2013.4216 1631.3800 -2.2634 0 False
2013.4244 1608.9000 -3.6102 0 False
2013.4271 1622.5600 -2.7918 0 False
2013.4298 1643.3800 -1.5445 0 False
2013.4381 1642.8100 -1.5786 0 False
2013.4408 1626.1300 -2.5779 0 False
2013.4435 1612.5200 -3.3933 0 False
2013.4463 1636.3600 -1.9651 0 False
2013.4490 1626.7300 -2.5420 0 False
2013.4572 1639.0400 -1.8045 0 False
2013.4600 1651.8100 -1.0394 0 False
2013.4627 1628.9300 -2.4102 0 False
2013.4654 1588.1900 -4.8509 0 False
2013.4682 1592.4300 -4.5969 0 False
2013.4764 1573.0900 -5.7556 0 False
2013.4791 1588.0300 -4.8605 0 False
2013.4819 1603.2600 -3.9481 0 False
2013.4846 1613.2000 -3.3526 0 False
2013.4873 1606.2800 -3.7672 0 False
2013.4956 1614.9600 -3.2471 0 False
2013.4983 1614.0800 -3.2999 0 False
2013.5010 1615.4100 -3.2202 0 False
2013.5038 1615.4100 -3.2202 0 False
2013.5065 1631.8900 -2.2329 0 False
2013.5147 1640.4600 -1.7194 0 False
2013.5175 1652.3200 -1.0089 0 False
2013.5202 1652.6200 -0.9909 0 False
2013.5229 1675.0200 0.0000 0 False
2013.5257 1680.1900 0.0000 0 False
2013.5339 1682.5000 0.0000 0 False
2013.5366 1676.2600 -0.3709 0 False
2013.5394 1680.9100 -0.0945 0 False
2013.5421 1689.3700 0.0000 0 False
2013.5448 1692.0900 0.0000 0 False
2013.5530 1695.5300 0.0000 0 False
2013.5558 1692.3900 -0.1852 0 False
2013.5585 1685.9400 -0.5656 0 False
2013.5613 1690.2500 -0.3114 0 False
2013.5640 1691.6500 -0.2288 0 False
2013.5722 1685.3300 -0.6016 0 False
2013.5749 1685.9600 -0.5644 0 False
2013.5777 1685.7300 -0.5780 0 False
2013.5804 1706.8700 0.0000 0 False
2013.5832 1709.6700 0.0000 0 False
2013.5914 1707.1400 -0.1480 0 False
2013.5941 1697.3700 -0.7194 0 False
2013.5969 1690.9100 -1.0973 0 False
2013.5996 1697.4800 -0.7130 0 False
2013.6023 1691.4200 -1.0675 0 False
2013.6105 1689.4700 -1.1815 0 False
2013.6133 1694.1600 -0.9072 0 False
2013.6160 1685.3900 -1.4202 0 False
2013.6188 1661.3200 -2.8280 0 False
2013.6215 1655.8300 -3.1491 0 False
2013.6297 1646.0600 -3.7206 0 False
2013.6324 1652.3500 -3.3527 0 False
2013.6352 1642.8000 -3.9113 0 False
2013.6379 1656.9600 -3.0831 0 False
2013.6407 1663.5000 -2.7005 0 False
2013.6489 1656.7800 -3.0936 0 False
2013.6516 1630.4800 -4.6319 0 False
2013.6543 1634.9600 -4.3698 0 False
2013.6571 1638.1700 -4.1821 0 False
2013.6598 1632.9700 -4.4862 0 False
2013.6680 1632.9700 -4.4862 0 False
2013.6708 1639.7700 -4.0885 0 False
2013.6735 1653.0800 -3.3100 0 False
2013.6762 1655.0800 -3.1930 0 False
2013.6790 1655.1700 -3.1877 0 False
2013.6872 1671.7100 -2.2203 0 False
2013.6899 1683.9900 -1.5020 0 False
2013.6927 1689.1300 -1.2014 0 False
2013.6954 1683.4200 -1.5354 0 False
2013.6982 1687.9900 -1.2681 0 False
2013.7064 1697.6000 -0.7060 0 False
2013.7091 1704.7600 -0.2872 0 False
2013.7118 1725.5200 0.0000 0 False
2013.7146 1722.3400 -0.1843 0 False
2013.7173 1709.9100 -0.9047 0 False
2013.7255 1701.8400 -1.3723 0 False
2013.7283 1697.4200 -1.6285 0 False
2013.7310 1692.7700 -1.8980 0 False
2013.7337 1698.6700 -1.5561 0 False
2013.7365 1691.7500 -1.9571 0 False
2013.7447 1681.5500 -2.5482 0 False
2013.7474 1695.0000 -1.7687 0 False
2013.7502 1693.8700 -1.8342 0 False
2013.7529 1678.6600 -2.7157 0 False
2013.7556 1690.5000 -2.0295 0 False
2013.7639 1676.1200 -2.8629 0 False
2013.7666 1655.4500 -4.0608 0 False
2013.7693 1656.4000 -4.0057 0 False
2013.7721 1692.5600 -1.9101 0 False
2013.7748 1703.2000 -1.2935 0 False
2013.7830 1710.1400 -0.8913 0 False
2013.7858 1698.0600 -1.5914 0 False
2013.7885 1721.5400 -0.2307 0 False
2013.7912 1733.1500 0.0000 0 False
2013.7940 1744.5000 0.0000 0 False
2013.8022 1744.6600 0.0000 0 False
2013.8049 1754.6700 0.0000 0 False
2013.8077 1746.3800 -0.4725 0 False
2013.8104 1752.0700 -0.1482 0 False
2013.8131 1759.7700 0.0000 0 False
2013.8214 1762.1100 0.0000 0 False
2013.8241 1771.9500 0.0000 0 False
2013.8268 1763.3100 -0.4876 0 False
2013.8296 1756.5400 -0.8697 0 False
2013.8323 1761.6400 -0.5818 0 False
2013.8405 1767.9300 -0.2269 0 False
2013.8433 1762.9700 -0.5068 0 False
2013.8460 1770.4900 -0.0824 0 False
2013.8487 1747.1500 -1.3996 0 False
2013.8515 1770.6100 -0.0756 0 False
2013.8597 1771.8900 -0.0034 0 False
2013.8624 1767.6900 -0.2404 0 False
2013.8652 1782.0000 0.0000 0 False
2013.8679 1790.6200 0.0000 0 False
2013.8706 1798.1800 0.0000 0 False
2013.8789 1791.5300 -0.3698 0 False
2013.8816 1787.8700 -0.5734 0 False
2013.8843 1781.3700 -0.9348 0 False
2013.8871 1795.8500 -0.1296 0 False
2013.8898 1804.7600 0.0000 0 False
2013.8980 1802.4800 -0.1263 0 False
2013.9008 1802.7500 -0.1114 0 False
2013.9035 1807.2300 0.0000 0 False
2013.9062 1807.2300 0.0000 0 False
2013.9090 1805.8100 -0.0786 0 False
2013.9172 1800.9000 -0.3503 0 False
2013.9199 1795.1500 -0.6684 0 False
2013.9227 1792.8100 -0.7979 0 False
2013.9254 1785.0300 -1.2284 0 False
2013.9281 1805.0900 -0.1184 0 False
2013.9363 1808.3700 0.0000 0 False
2013.9391 1802.6200 -0.3180 0 False
2013.9418 1782.2200 -1.4461 0 False
2013.9446 1775.5000 -1.8177 0 False
2013.9473 1775.3200 -1.8276 0 False
2013.9555 1786.5400 -1.2072 0 False
2013.9582 1781.0000 -1.5135 0 False
2013.9610 1810.6500 0.0000 0 False
2013.9637 1809.6000 -0.0580 0 False
2013.9665 1818.3200 0.0000 0 False
2013.9747 1827.9900 0.0000 0 False
2013.9774 1833.3200 0.0000 0 False
2013.9802 1833.3200 0.0000 0 False
2013.9829 1842.0200 0.0000 0 False
2013.9856 1841.4000 -0.0337 0 False
2013.9938 1841.0700 -0.0516 0 False
2013.9966 1848.3600 0.0000 0 False
2014.0000 1848.3600 0.0000 0 False
2014.0027 1831.9800 -0.8862 0 False
2014.0055 1831.3700 -0.9192 0 False
2014.0137 1826.7700 -1.1681 0 False
2014.0164 1837.8800 -0.5670 0 False
2014.0192 1837.4900 -0.5881 0 False
2014.0219 1838.1300 -0.5535 0 False
2014.0246 1842.3700 -0.3241 0 False
2014.0329 1819.2000 -1.5776 0 False
2014.0356 1838.8800 -0.5129 0 False
2014.0383 1848.3800 0.0000 0 False
2014.0411 1845.8900 -0.1347 0 False
2014.0438 1838.7000 -0.5237 0 False
2014.0520 1838.7000 -0.5237 0 False
2014.0548 1843.8000 -0.2478 0 False
2014.0575 1844.8600 -0.1904 0 False
2014.0602 1828.4600 -1.0777 0 False
2014.0630 1790.2900 -3.1428 0 False
2014.0712 1781.5600 -3.6151 0 False
2014.0739 1792.5000 -3.0232 0 False
2014.0767 1774.2000 -4.0132 0 False
2014.0794 1794.1900 -2.9318 0 False
2014.0821 1782.5900 -3.5593 0 False
2014.0903 1741.8900 -5.7613 0 False
2014.0931 1755.2000 -5.0412 0 False
2014.0958 1751.6400 -5.2338 0 False
2014.0986 1773.4300 -4.0549 0 False
2014.1013 1797.0200 -2.7786 0 False
2014.1095 1799.8400 -2.6261 0 False
2014.1123 1819.7500 -1.5489 0 False
2014.1150 1819.2600 -1.5754 0 False
2014.1177 1829.8300 -1.0036 0 False
2014.1205 1838.6300 -0.5275 0 False
2014.1287 1838.6300 -0.5275 0 False
2014.1314 1840.7600 -0.4123 0 False
2014.1342 1828.7500 -1.0620 0 False
2014.1369 1839.7800 -0.4653 0 False
2014.1396 1836.2500 -0.6563 0 False
2014.1478 1847.6100 -0.0417 0 False
2014.1506 1845.1200 -0.1764 0 False
2014.1533 1845.1600 -0.1742 0 False
2014.1561 1854.2900 0.0000 0 False
2014.1588 1859.4500 0.0000 0 False
2014.1670 1845.7300 -0.7379 0 False
2014.1697 1873.9100 0.0000 0 False
2014.1725 1873.8100 -0.0053 0 False
2014.1752 1877.0300 0.0000 0 False
2014.1780 1878.0400 0.0000 0 False
2014.1862 1877.1700 -0.0463 0 False
2014.1889 1867.6300 -0.5543 0 False
2014.1916 1868.2000 -0.5240 0 False
2014.1944 1846.3400 -1.6879 0 False
2014.1971 1841.1300 -1.9653 0 False
2014.2053 1858.8300 -1.0229 0 False
2014.2081 1872.2500 -0.3083 0 False
2014.2108 1860.7700 -0.9196 0 False
2014.2136 1872.0100 -0.3211 0 False
2014.2163 1866.5200 -0.6134 0 False
2014.2245 1857.4400 -1.0969 0 False
2014.2272 1865.6200 -0.6613 0 False
2014.2300 1852.5600 -1.3567 0 False
2014.2327 1849.0400 -1.5442 0 False
2014.2355 1857.6200 -1.0873 0 False
2014.2437 1872.3400 -0.3035 0 False
2014.2464 1885.5200 0.0000 0 False
2014.2491 1890.9000 0.0000 0 False
2014.2519 1888.7700 -0.1126 0 False
2014.2546 1865.0900 -1.3650 0 False
2014.2628 1845.0400 -2.4253 0 False
2014.2656 1851.9600 -2.0593 0 False
2014.2683 1872.1800 -0.9900 0 False
2014.2710 1833.0800 -3.0578 0 False
2014.2738 1815.6900 -3.9775 0 False
2014.2820 1830.6100 -3.1884 0 False
2014.2847 1842.9800 -2.5342 0 False
2014.2875 1862.3100 -1.5120 0 False
2014.2902 1864.8500 -1.3777 0 False
2014.2930 1864.8500 -1.3777 0 False
2014.3012 1871.8900 -1.0053 0 False
2014.3039 1879.5500 -0.6002 0 False
2014.3066 1875.3900 -0.8202 0 False
2014.3094 1878.6100 -0.6500 0 False
2014.3121 1863.4000 -1.4543 0 False
2014.3203 1869.4300 -1.1354 0 False
2014.3231 1878.3300 -0.6648 0 False
2014.3258 1883.9500 -0.3675 0 False
2014.3285 1883.6800 -0.3818 0 False
2014.3313 1881.1400 -0.5162 0 False
2014.3395 1884.6600 -0.3300 0 False
2014.3422 1867.7200 -1.2259 0 False
2014.3450 1878.2100 -0.6711 0 False
2014.3477 1875.6300 -0.8076 0 False
2014.3504 1878.4800 -0.6568 0 False
2014.3587 1896.6500 0.0000 0 False
2014.3614 1897.4500 0.0000 0 False
2014.3641 1888.5300 -0.4701 0 False
2014.3669 1870.8500 -1.4019 0 False
2014.3696 1877.8600 -1.0324 0 False
2014.3778 1885.0800 -0.6519 0 False
2014.3806 1872.8300 -1.2975 0 False
2014.3833 1888.0300 -0.4965 0 False
2014.3860 1892.4900 -0.2614 0 False
2014.3888 1900.5300 0.0000 0 False
2014.3970 1900.5300 0.0000 0 False
2014.3997 1911.9100 0.0000 0 False
2014.4025 1909.7800 -0.1114 0 False
2014.4052 1920.0300 0.0000 0 False
2014.4079 1923.5700 0.0000 0 False
2014.4162 1924.9700 0.0000 0 False
2014.4189 1924.2400 -0.0379 0 False
2014.4216 1927.8800 0.0000 0 False
2014.4244 1940.4600 0.0000 0 False
2014.4271 1949.4400 0.0000 0 False
2014.4353 1951.2700 0.0000 0 False
2014.4381 1950.7900 -0.0246 0 False
2014.4408 1943.8900 -0.3782 0 False
2014.4435 1930.1100 -1.0844 0 False
2014.4463 1936.1600 -0.7744 0 False
2014.4545 1937.7800 -0.6913 0 False
2014.4572 1941.9900 -0.4756 0 False
2014.4600 1956.9800 0.0000 0 False
2014.4627 1959.4800 0.0000 0 False
2014.4654 1962.8700 0.0000 0 False
2014.4736 1962.6100 -0.0132 0 False
2014.4764 1949.9800 -0.6567 0 False
2014.4791 1959.5300 -0.1702 0 False
2014.4819 1957.2200 -0.2878 0 False
2014.4846 1960.9600 -0.0973 0 False
2014.4928 1960.2300 -0.1345 0 False
2014.4956 1973.3200 0.0000 0 False
2014.4983 1974.6200 0.0000 0 False
2014.5010 1985.4400 0.0000 0 False
2014.5038 1985.4400 0.0000 0 False
2014.5120 1977.6500 -0.3924 0 False
2014.5147 1963.7100 -1.0945 0 False
2014.5175 1972.8300 -0.6351 0 False
2014.5202 1964.6800 -1.0456 0 False
2014.5229 1967.5700 -0.9001 0 False
2014.5311 1977.1000 -0.4201 0 False
2014.5339 1973.2800 -0.6125 0 False
2014.5366 1981.5700 -0.1949 0 False
2014.5394 1958.1200 -1.3760 0 False
2014.5421 1978.2200 -0.3636 0 False
2014.5503 1973.6300 -0.5948 0 False
2014.5530 1983.5300 -0.0962 0 False
2014.5558 1987.0100 0.0000 0 False
2014.5585 1987.9800 0.0000 0 False
2014.5613 1978.3400 -0.4849 0 False
2014.5695 1978.9100 -0.4562 0 False
2014.5722 1969.9500 -0.9070 0 False
2014.5749 1970.0700 -0.9009 0 False
2014.5777 1930.6700 -2.8828 0 False
2014.5804 1925.1500 -3.1605 0 False
2014.5886 1938.9900 -2.4643 0 False
2014.5914 1920.2100 -3.4090 0 False
2014.5941 1920.2400 -3.4075 0 False
2014.5969 1909.5700 -3.9442 0 False
2014.5996 1931.5900 -2.8365 0 False
2014.6078 1936.9200 -2.5684 0 False
2014.6105 1933.7500 -2.7279 0 False
2014.6133 1946.7200 -2.0755 0 False
2014.6160 1955.1800 -1.6499 0 False
2014.6188 1955.0600 -1.6560 0 False
2014.6270 1971.7400 -0.8169 0 False
2014.6297 1981.6000 -0.3209 0 False
2014.6324 1986.5100 -0.0739 0 False
2014.6352 1992.3700 0.0000 0 False
2014.6379 1988.4000 -0.1993 0 False
2014.6461 1997.9200 0.0000 0 False
2014.6489 2000.0200 0.0000 0 False
2014.6516 2000.1200 0.0000 0 False
2014.6543 1996.7400 -0.1690 0 False
2014.6571 2003.3700 0.0000 0 False
2014.6653 2003.3700 0.0000 0 False
2014.6680 2002.2800 -0.0544 0 False
2014.6708 2000.7200 -0.1323 0 False
2014.6735 1997.6500 -0.2855 0 False
2014.6762 2007.7100 0.0000 0 False
2014.6845 2001.5400 -0.3073 0 False
2014.6872 1988.4400 -0.9598 0 False
2014.6899 1995.6900 -0.5987 0 False
2014.6927 1997.4500 -0.5110 0 False
2014.6954 1985.5400 -1.1042 0 False
2014.7036 1984.1300 -1.1745 0 False
2014.7064 1998.9800 -0.4348 0 False
2014.7091 2001.5700 -0.3058 0 False
2014.7118 2011.3600 0.0000 0 False
2014.7146 2010.4000 -0.0477 0 False
2014.7228 1994.2900 -0.8487 0 False
2014.7255 1982.7700 -1.4214 0 False
2014.7283 1998.3000 -0.6493 0 False
2014.7310 1965.9900 -2.2557 0 False
2014.7337 1982.8500 -1.4174 0 False
2014.7420 1977.8000 -1.6685 0 False
2014.7447 1972.2900 -1.9425 0 False
2014.7474 1946.1600 -3.2416 0 False
2014.7502 1946.1700 -3.2411 0 False
2014.7529 1967.9000 -2.1607 0 False
2014.7611 1964.8200 -2.3139 0 False
2014.7639 1935.1000 -3.7915 0 False
2014.7666 1968.8900 -2.1115 0 False
2014.7693 1928.2100 -4.1340 0 False
2014.7721 1906.1300 -5.2318 0 False
2014.7803 1874.7400 -6.7924 0 False
2014.7830 1877.7000 -6.6453 0 False
2014.7858 1862.4900 -7.4015 0 False
2014.7885 1862.7600 -7.3880 0 False
2014.7912 1886.7600 -6.1948 0 False
2014.7995 1904.0100 -5.3372 0 False
2014.8022 1941.2800 -3.4842 0 False
2014.8049 1927.1100 -4.1887 0 False
2014.8077 1950.8200 -3.0099 0 False
2014.8104 1964.5800 -2.3258 0 False
2014.8186 1961.6300 -2.4725 0 False
2014.8214 1985.0500 -1.3081 0 False
2014.8241 1982.3000 -1.4448 0 False
2014.8268 1994.6500 -0.8308 0 False
2014.8296 2018.0500 0.0000 0 False
2014.8378 2017.8100 -0.0119 0 False
2014.8405 2012.1000 -0.2948 0 False
2014.8433 2023.5700 0.0000 0 False
2014.8460 2031.2100 0.0000 0 False
2014.8487 2031.9200 0.0000 0 False
2014.8569 2038.2600 0.0000 0 False
2014.8597 2039.6800 0.0000 0 False
2014.8624 2038.2500 -0.0701 0 False
2014.8652 2039.3300 -0.0172 0 False
2014.8679 2039.8200 0.0000 0 False
2014.8761 2041.3200 0.0000 0 False
2014.8789 2051.8000 0.0000 0 False
2014.8816 2048.7200 -0.1501 0 False
2014.8843 2052.7500 0.0000 0 False
2014.8871 2063.5000 0.0000 0 False
2014.8953 2069.4100 0.0000 0 False
2014.8980 2067.0300 -0.1150 0 False
2014.9008 2072.8300 0.0000 0 False
2014.9035 2072.8300 0.0000 0 False
2014.9062 2067.5600 -0.2542 0 False
2014.9144 2053.4400 -0.9354 0 False
2014.9172 2066.5500 -0.3030 0 False
2014.9199 2074.3300 0.0000 0 False
2014.9227 2071.9200 -0.1162 0 False
2014.9254 2075.3700 0.0000 0 False
2014.9336 2060.3100 -0.7257 0 False
2014.9363 2059.8200 -0.7493 0 False
2014.9391 2026.1400 -2.3721 0 False
2014.9418 2035.3300 -1.9293 0 False
2014.9446 2002.3300 -3.5194 0 False
2014.9528 1989.6300 -4.1313 0 False
2014.9555 1972.7400 -4.9451 0 False
2014.9582 2012.8900 -3.0105 0 False
2014.9610 2061.2300 -0.6813 0 False
2014.9637 2070.6500 -0.2274 0 False
2014.9719 2078.5400 0.0000 0 False
2014.9747 2082.1700 0.0000 0 False
2014.9774 2081.8800 -0.0139 0 False
2014.9802 2081.8800 -0.0139 0 False
2014.9829 2088.7700 0.0000 0 False
2014.9911 2090.5700 0.0000 0 False
2014.9938 2080.3500 -0.4889 0 False
2014.9966 2058.9000 -1.5149 0 False
2015.0000 2058.9000 -1.5149 0 False
2015.0027 2058.2000 -1.5484 0 False
2015.0110 2020.5800 -3.3479 0 False
2015.0137 2002.6100 -4.2075 0 False
2015.0164 2025.9000 -3.0934 0 False
2015.0192 2062.1400 -1.3599 0 False
2015.0219 2044.8100 -2.1889 0 False
2015.0301 2028.2600 -2.9805 0 False
2015.0329 2023.0300 -3.2307 0 False
2015.0356 2011.2700 -3.7932 0 False
2015.0383 1992.6700 -4.6829 0 False
2015.0411 2019.4200 -3.4034 0 False
2015.0493 2019.4200 -3.4034 0 False
2015.0520 2022.5500 -3.2537 0 False
2015.0548 2032.1200 -2.7959 0 False
2015.0575 2063.1500 -1.3116 0 False
2015.0602 2051.8200 -1.8536 0 False
2015.0684 2057.0900 -1.6015 0 False
2015.0712 2029.5500 -2.9188 0 False
2015.0739 2002.1600 -4.2290 0 False
2015.0767 2021.2500 -3.3158 0 False
2015.0794 1994.9900 -4.5720 0 False
2015.0876 2020.8500 -3.3350 0 False
2015.0903 2050.0300 -1.9392 0 False
2015.0931 2041.5100 -2.3467 0 False
2015.0958 2062.5200 -1.3417 0 False
2015.0986 2055.4700 -1.6790 0 False
2015.1068 2046.7400 -2.0966 0 False
2015.1095 2068.5900 -1.0514 0 False
2015.1123 2068.5300 -1.0543 0 False
2015.1150 2088.4800 -0.1000 0 False
2015.1177 2096.9900 0.0000 0 False
2015.1259 2096.9900 0.0000 0 False
2015.1287 2100.3400 0.0000 0 False
2015.1314 2099.6800 -0.0314 0 False
2015.1342 2097.4500 -0.1376 0 False
2015.1369 2110.3000 0.0000 0 False
2015.1451 2109.6600 -0.0303 0 False
2015.1478 2115.4800 0.0000 0 False
2015.1506 2113.8600 -0.0766 0 False
2015.1533 2110.7400 -0.2241 0 False
2015.1561 2104.5000 -0.5190 0 False
2015.1643 2117.3900 0.0000 0 False
2015.1670 2107.7800 -0.4539 0 False
2015.1697 2098.5300 -0.8907 0 False
2015.1725 2101.0400 -0.7722 0 False
2015.1752 2071.2600 -2.1786 0 False
2015.1834 2079.4300 -1.7928 0 False
2015.1862 2044.1600 -3.4585 0 False
2015.1889 2040.2400 -3.6436 0 False
2015.1916 2065.9500 -2.4294 0 False
2015.1944 2053.4000 -3.0221 0 False
2015.2026 2081.1900 -1.7097 0 False
2015.2053 2074.2800 -2.0360 0 False
2015.2081 2099.5000 -0.8449 0 False
2015.2108 2089.2700 -1.3281 0 False
2015.2136 2108.1000 -0.4387 0 False
2015.2218 2104.4200 -0.6125 0 False
2015.2245 2091.5000 -1.2227 0 False
2015.2272 2061.0500 -2.6608 0 False
2015.2300 2056.1500 -2.8922 0 False
2015.2327 2061.0200 -2.6622 0 False
2015.2409 2086.2400 -1.4712 0 False
2015.2437 2067.8900 -2.3378 0 False
2015.2464 2059.6900 -2.7251 0 False
2015.2491 2066.9600 -2.3817 0 False
2015.2519 2066.9600 -2.3817 0 False
2015.2601 2080.6200 -1.7366 0 False
2015.2628 2076.3300 -1.9392 0 False
2015.2656 2081.9000 -1.6761 0 False
2015.2683 2091.1800 -1.2378 0 False
2015.2710 2102.0600 -0.7240 0 False
2015.2793 2092.4300 -1.1788 0 False
2015.2820 2095.8400 -1.0178 0 False
2015.2847 2106.6300 -0.5082 0 False
2015.2875 2104.9900 -0.5856 0 False
2015.2902 2081.1800 -1.7101 0 False
2015.2984 2100.4000 -0.8024 0 False
2015.3012 2097.2900 -0.9493 0 False
2015.3039 2107.9600 -0.4454 0 False
2015.3066 2112.9300 -0.2106 0 False
2015.3094 2117.6900 0.0000 0 False
2015.3176 2108.9200 -0.4141 0 False
2015.3203 2114.7600 -0.1384 0 False
2015.3231 2106.8500 -0.5119 0 False
2015.3258 2085.5100 -1.5196 0 False
2015.3285 2108.2900 -0.4439 0 False
2015.3368 2114.4900 -0.1511 0 False
2015.3395 2089.4600 -1.3331 0 False
2015.3422 2080.1500 -1.7727 0 False
2015.3450 2088.0000 -1.4020 0 False
2015.3477 2116.1000 -0.0751 0 False
2015.3559 2105.3300 -0.5837 0 False
2015.3587 2099.1200 -0.8769 0 False
2015.3614 2098.4800 -0.9071 0 False
2015.3641 2121.1000 0.0000 0 False
2015.3669 2122.7300 0.0000 0 False
2015.3751 2129.2000 0.0000 0 False
2015.3778 2127.8300 -0.0643 0 False
2015.3806 2125.8500 -0.1573 0 False
2015.3833 2130.8200 0.0000 0 False
2015.3860 2126.0600 -0.2234 0 False
2015.3943 2126.0600 -0.2234 0 False
2015.3970 2104.2000 -1.2493 0 False
2015.3997 2123.4800 -0.3445 1 False
2015.4025 2120.7900 -0.4707 1 False
2015.4052 2107.3900 -1.0996 1 False
2015.4134 2111.7300 -0.8959 1 False
2015.4162 2109.6000 -0.9959 1 False
2015.4189 2114.0700 -0.7861 1 False
2015.4216 2095.8400 -1.6416 1 False
2015.4244 2092.8300 -1.7829 1 False
2015.4326 2079.2800 -2.4188 1 False
2015.4353 2080.1500 -2.3780 1 False
2015.4381 2105.2000 -1.2024 1 False
2015.4408 2108.8600 -1.0306 1 False
2015.4435 2094.1100 -1.7228 1 False
2015.4517 2084.4300 -2.1771 1 False
2015.4545 2096.2900 -1.6205 1 False
2015.4572 2100.4400 -1.4257 1 False
2015.4600 2121.2400 -0.4496 1 False
2015.4627 2109.9900 -0.9776 1 False
2015.4709 2122.8500 -0.3740 1 False
2015.4736 2124.2000 -0.3107 1 False
2015.4764 2108.5800 -1.0437 1 False
2015.4791 2102.3100 -1.3380 1 False
2015.4819 2101.4900 -1.3765 1 False
2015.4901 2057.6400 -3.4344 1 False
2015.4928 2063.1100 -3.1776 1 False
2015.4956 2077.4200 -2.5061 1 False
2015.4983 2076.7800 -2.5361 1 False
2015.5010 2076.7800 -2.5361 1 False
2015.5092 2068.7600 -2.9125 1 False
2015.5120 2081.3400 -2.3221 1 False
2015.5147 2046.6800 -3.9487 1 False
2015.5175 2051.3100 -3.7314 1 False
2015.5202 2076.6200 -2.5436 1 False
2015.5284 2099.6000 -1.4652 1 False
2015.5311 2108.9500 -1.0264 1 False
2015.5339 2107.4000 -1.0991 1 False
2015.5366 2124.2900 -0.3065 1 False
2015.5394 2126.6400 -0.1962 1 False
2015.5476 2128.2800 -0.1192 1 False
2015.5503 2119.2100 -0.5449 1 False
2015.5530 2114.1500 -0.7823 1 False
2015.5558 2102.1500 -1.3455 1 False
2015.5585 2079.6500 -2.4014 1 False
2015.5667 2067.6400 -2.9651 1 False
2015.5695 2093.2500 -1.7632 1 False
2015.5722 2108.5700 -1.0442 1 False
2015.5749 2108.6300 -1.0414 1 False
2015.5777 2103.8400 -1.2662 1 False
2015.5859 2098.0400 -1.5384 1 False
2015.5886 2093.3200 -1.7599 1 False
2015.5914 2099.8400 -1.4539 1 False
2015.5941 2083.5600 -2.2179 1 False
2015.5969 2077.5700 -2.4990 1 False
2015.6051 2104.1800 -1.2502 1 False
2015.6078 2084.0700 -2.1940 1 False
2015.6105 2086.0500 -2.1011 1 False
2015.6133 2083.3900 -2.2259 1 False
2015.6160 2091.5400 -1.8434 1 False
2015.6242 2102.4400 -1.3319 1 False
2015.6270 2096.9200 -1.5909 1 False
2015.6297 2079.6100 -2.4033 1 False
2015.6324 2035.7300 -4.4626 1 False
2015.6352 1970.8900 -7.5056 1 False
2015.6434 1893.2100 -11.1511 0 True
2015.6461 1867.6100 -12.3525 0 True
2015.6489 1940.5100 -8.9313 0 True
2015.6516 1987.6600 -6.7185 0 True
2015.6543 1988.8700 -6.6618 0 True
2015.6626 1972.1800 -7.4450 0 True
2015.6653 1913.8500 -10.1825 0 True
2015.6680 1948.8600 -8.5394 0 True
2015.6708 1951.1300 -8.4329 0 True
2015.6735 1921.2200 -9.8366 0 True
2015.6817 1921.2200 -9.8366 0 True
2015.6845 1969.4100 -7.5750 0 True
2015.6872 1942.0400 -8.8595 0 True
2015.6899 1952.2900 -8.3785 0 True
2015.6927 1961.0500 -7.9674 0 True
2015.7009 1953.0300 -8.3437 0 True
2015.7036 1978.0900 -7.1677 0 True
2015.7064 1995.3100 -6.3595 0 True
2015.7091 1990.2000 -6.5993 0 True
2015.7118 1958.0300 -8.1091 0 True
2015.7201 1966.9700 -7.6895 0 True
2015.7228 1942.7400 -8.8266 0 True
2015.7255 1938.7600 -9.0134 0 True
2015.7283 1932.2400 -9.3194 0 True
2015.7310 1931.3400 -9.3617 0 True
2015.7392 1881.7700 -11.6880 0 True
2015.7420 1884.0900 -11.5791 0 True
2015.7447 1920.0300 -9.8924 0 True
2015.7474 1923.8200 -9.7146 0 True
2015.7502 1951.3600 -8.4221 0 True
2015.7584 1987.0500 -6.7472 0 True
2015.7611 1979.9200 -7.0818 0 True
2015.7639 1995.8300 -6.3351 0 True
2015.7666 2013.4300 -5.5091 0 True
2015.7693 2014.8900 -5.4406 0 True
2015.7775 2017.4600 -5.3200 0 True
2015.7803 2003.6900 -5.9662 0 True
2015.7830 1994.2400 -6.4097 0 True
2015.7858 2023.8600 -5.0197 0 True
2015.7885 2033.1100 -4.5856 0 True
2015.7967 2033.6600 -4.5597 0 True
2015.7995 2030.7700 -4.6954 0 True
2015.8022 2018.9400 -5.2506 0 True
2015.8049 2052.5100 -3.6751 0 True
2015.8077 2075.1500 -2.6126 0 True
2015.8159 2071.1800 -2.7989 0 True
2015.8186 2065.8900 -3.0472 0 True
2015.8214 2090.3500 -1.8993 0 True
2015.8241 2089.4100 -1.9434 0 True
2015.8268 2079.3600 -2.4150 0 True
2015.8350 2104.0500 -1.2563 0 True
2015.8378 2109.7900 -0.9869 0 True
2015.8405 2102.3100 -1.3380 0 True
2015.8433 2099.9300 -1.4497 0 True
2015.8460 2099.2000 -1.4839 0 True
2015.8542 2078.5800 -2.4516 0 True
2015.8569 2081.7200 -2.3043 0 True
2015.8597 2075.0000 -2.6196 0 True
2015.8624 2045.9700 -3.9820 0 True
2015.8652 2023.0400 -5.0581 0 True
2015.8734 2053.1900 -3.6432 0 True
2015.8761 2050.4400 -3.7723 0 True
2015.8789 2083.5800 -2.2170 0 True
2015.8816 2081.2400 -2.3268 0 True
2015.8843 2089.1700 -1.9546 0 True
2015.8925 2086.5900 -2.0757 0 True
2015.8953 2089.1400 -1.9561 0 True
2015.8980 2088.8700 -1.9687 0 True
2015.9008 2088.8700 -1.9687 0 True
2015.9035 2090.1100 -1.9105 0 True
2015.9117 2080.4100 -2.3658 0 True
2015.9144 2102.6300 -1.3230 0 True
2015.9172 2079.5100 -2.4080 0 True
2015.9199 2049.6200 -3.8107 0 True
2015.9227 2091.6900 -1.8364 0 True
2015.9309 2077.0700 -2.5225 0 True
2015.9336 2063.5900 -3.1551 0 True
2015.9363 2047.6200 -3.9046 0 True
2015.9391 2052.2300 -3.6883 0 True
2015.9418 2012.3700 -5.5589 0 True
2015.9500 2021.9400 -5.1098 0 True
2015.9528 2043.4100 -4.1022 0 True
2015.9555 2073.0700 -2.7102 0 True
2015.9582 2041.8900 -4.1735 0 True
2015.9610 2005.5500 -5.8790 0 True
2015.9692 2021.1500 -5.1468 0 True
2015.9719 2038.9700 -4.3105 0 True
2015.9747 2064.2900 -3.1223 0 True
2015.9774 2060.9900 -3.2771 0 True
2015.9802 2060.9900 -3.2771 0 True
2015.9884 2056.5000 -3.4879 0 True
2015.9911 2078.3600 -2.4620 0 True
2015.9938 2063.3600 -3.1659 0 True
2015.9966 2043.9400 -4.0773 0 True
2016.0000 2043.9400 -4.0773 0 True
2016.0082 2012.6600 -5.5453 0 True
2016.0110 2016.7100 -5.3552 0 True
2016.0137 1990.2600 -6.5965 0 True
2016.0164 1943.0900 -8.8102 0 True
2016.0192 1922.0300 -9.7986 0 True
2016.0274 1923.6700 -9.7216 0 True
2016.0301 1938.6800 -9.0172 0 True
2016.0329 1890.2800 -11.2886 0 True
2016.0356 1921.8400 -9.8075 0 True
2016.0383 1880.3300 -11.7556 0 True
2016.0465 1880.3300 -11.7556 0 True
2016.0493 1881.3300 -11.7086 0 True
2016.0520 1859.3300 -12.7411 0 True
2016.0548 1868.9900 -12.2878 0 True
2016.0575 1906.9000 -10.5086 0 True
2016.0657 1877.0800 -11.9081 0 True
2016.0684 1903.6300 -10.6621 0 True
2016.0712 1882.9500 -11.6326 0 True
2016.0739 1893.3600 -11.1441 0 True
2016.0767 1940.2400 -8.9440 0 True
2016.0849 1939.3800 -8.9843 0 True
2016.0876 1903.0300 -10.6903 0 True
2016.0903 1912.5300 -10.2444 0 True
2016.0931 1915.4500 -10.1074 0 True
2016.0958 1880.0500 -11.7687 0 True
2016.1040 1853.4400 -13.0175 0 True
2016.1068 1852.2100 -13.0752 0 True
2016.1095 1851.8600 -13.0917 0 True
2016.1123 1829.0800 -14.1607 0 True
2016.1150 1864.7800 -12.4853 0 True
2016.1232 1864.7800 -12.4853 0 True
2016.1259 1895.5800 -11.0399 0 True
2016.1287 1926.8200 -9.5738 0 True
2016.1314 1917.8300 -9.9957 0 True
2016.1342 1917.7800 -9.9980 0 True
2016.1424 1945.5000 -8.6971 0 True
2016.1451 1921.2700 -9.8342 0 True
2016.1478 1929.8000 -9.4339 0 True
2016.1506 1951.7000 -8.4062 0 True
2016.1533 1948.0500 -8.5774 0 True
2016.1615 1932.2300 -9.3199 0 True
2016.1643 1978.3500 -7.1555 0 True
2016.1670 1986.4500 -6.7753 0 True
2016.1697 1993.4000 -6.4492 0 True
2016.1725 1999.9900 -6.1399 0 True
2016.1807 2001.7600 -6.0568 0 True
2016.1834 1979.2600 -7.1128 0 True
2016.1862 1989.2600 -6.6435 0 True
2016.1889 1989.5700 -6.6289 0 True
2016.1916 2022.1900 -5.0980 0 True
2016.1999 2019.6400 -5.2177 0 True
2016.2026 2015.9300 -5.3918 0 True
2016.2053 2027.2200 -4.8620 0 True
2016.2081 2040.5900 -4.2345 0 True
2016.2108 2049.5800 -3.8126 0 True
2016.2190 2051.6000 -3.7178 0 True
2016.2218 2049.8000 -3.8023 0 True
2016.2245 2036.7100 -4.4166 0 True
2016.2272 2035.9400 -4.4527 0 True
2016.2300 2035.9400 -4.4527 0 True
2016.2382 2037.0500 -4.4007 0 True
2016.2409 2055.0100 -3.5578 0 True
2016.2437 2063.9500 -3.1382 0 True
2016.2464 2059.7400 -3.3358 0 True
2016.2491 2072.7800 -2.7238 0 True
2016.2574 2066.1300 -3.0359 0 True
2016.2601 2045.1700 -4.0196 0 True
2016.2628 2066.6600 -3.0110 0 True
2016.2656 2041.9100 -4.1726 0 True
2016.2683 2047.6000 -3.9055 0 True
2016.2765 2041.9900 -4.1688 0 True
2016.2793 2061.7200 -3.2429 0 True
2016.2820 2082.4200 -2.2714 0 True
2016.2847 2082.7800 -2.2545 0 True
2016.2875 2080.7300 -2.3507 0 True
2016.2957 2094.3400 -1.7120 0 True
2016.2984 2100.8000 -1.4088 0 True
2016.3012 2102.4000 -1.3338 0 True
2016.3039 2091.4800 -1.8462 0 True
2016.3066 2091.5800 -1.8415 0 True
2016.3149 2087.7900 -2.0194 0 True
2016.3176 2091.7000 -1.8359 0 True
2016.3203 2095.1500 -1.6740 0 True
2016.3231 2075.8100 -2.5816 0 True
2016.3258 2065.3000 -3.0749 0 True
2016.3340 2081.4300 -2.3179 0 True
2016.3368 2063.3700 -3.1654 0 True
2016.3395 2051.1200 -3.7403 0 True
2016.3422 2050.6300 -3.7633 0 True
2016.3450 2057.1400 -3.4578 0 True
2016.3532 2058.6900 -3.2698 0 True
2016.3559 2084.3900 -2.0622 0 True
2016.3587 2064.4600 -2.9987 0 True
2016.3614 2064.1100 -3.0151 0 True
2016.3641 2046.6100 -3.8374 0 True
2016.3723 2066.6600 -2.8953 0 True
2016.3751 2047.2100 -3.8092 0 True
2016.3778 2047.6300 -3.7894 0 True
2016.3806 2040.0400 -4.1461 0 True
2016.3833 2052.3200 -3.5691 0 True
2016.3915 2048.0400 -3.7702 0 True
2016.3943 2076.0600 -2.4536 0 True
2016.3970 2090.5400 -1.7733 0 True
2016.3997 2090.1000 -1.7939 0 True
2016.4025 2099.0600 -1.3729 0 True
2016.4107 2099.0600 -1.3729 0 True
2016.4134 2096.9600 -1.4716 0 True
2016.4162 2099.3300 -1.3603 0 True
2016.4189 2105.2600 -1.0816 0 True
2016.4216 2099.1300 -1.3697 0 True
2016.4298 2109.4100 -0.8866 0 True
2016.4326 2112.1300 -0.7588 0 True
2016.4353 2119.1200 -0.4304 0 True
2016.4381 2115.4800 -0.6014 0 True
2016.4408 2096.0700 -1.5134 0 True
2016.4490 2079.0600 -2.3127 0 True
2016.4517 2075.3200 -2.4884 0 True
2016.4545 2071.5000 -2.6679 0 True
2016.4572 2077.9900 -2.3629 0 True
2016.4600 2071.2200 -2.6810 0 True
2016.4682 2083.2500 -2.1158 0 True
2016.4709 2088.9000 -1.8503 0 True
2016.4736 2085.4500 -2.0124 0 True
2016.4764 2113.3200 -0.7029 0 True
2016.4791 2037.4100 -4.2696 0 True
2016.4873 2000.5400 -6.0020 0 True
2016.4901 2036.0900 -4.3317 0 True
2016.4928 2070.7700 -2.7022 0 True
2016.4956 2098.8600 -1.3823 0 True
2016.4983 2102.9500 -1.1902 0 True
2016.5065 2102.9500 -1.1902 0 True
2016.5092 2088.5500 -1.8668 0 True
2016.5120 2099.7300 -0.9192 0 True
2016.5147 2097.9000 -1.0014 0 True
2016.5175 2129.9000 0.0000 0 True
2016.5257 2137.1600 0.0000 0 True
2016.5284 2152.1400 0.0000 0 True
2016.5311 2152.4300 0.0000 0 True
2016.5339 2163.7500 0.0000 0 True
2016.5366 2161.7400 -0.0929 0 True
2016.5448 2166.8900 0.0000 0 True
2016.5476 2163.7800 -0.1435 0 True
2016.5503 2173.0200 0.0000 0 True
2016.5530 2165.1700 -0.3612 0 True
2016.5558 2175.0300 0.0000 0 True
2016.5640 2168.4800 -0.3011 0 True
2016.5667 2169.1800 -0.2690 0 True
2016.5695 2166.5800 -0.3885 0 True
2016.5722 2170.0600 -0.2285 0 True
2016.5749 2173.6000 -0.0657 0 True
2016.5832 2170.8400 -0.1926 0 True
2016.5859 2157.0300 -0.8276 0 True
2016.5886 2163.7900 -0.5168 0 True
2016.5914 2164.2500 -0.4956 0 True
2016.5941 2182.8700 0.0000 0 True
2016.6023 2180.8900 -0.0907 0 True
2016.6051 2181.7400 -0.0518 0 True
2016.6078 2175.4900 -0.3381 0 True
2016.6105 2185.7900 0.0000 0 True
2016.6133 2184.0500 -0.0796 0 True
2016.6215 2190.1500 0.0000 0 True
2016.6242 2178.1500 -0.5479 0 True
2016.6270 2182.2200 -0.3621 0 True
2016.6297 2187.0200 -0.1429 0 True
2016.6324 2183.8700 -0.2867 0 True
2016.6407 2182.6400 -0.3429 0 True
2016.6434 2186.9000 -0.1484 0 True
2016.6461 2175.4400 -0.6716 0 True
2016.6489 2172.4700 -0.8073 0 True
2016.6516 2169.0400 -0.9639 0 True
2016.6598 2180.3800 -0.4461 0 True
2016.6626 2176.1200 -0.6406 0 True
2016.6653 2170.9500 -0.8767 0 True
2016.6680 2170.8600 -0.8808 0 True
2016.6708 2179.9800 -0.4644 0 True
2016.6790 2179.9800 -0.4644 0 True
2016.6817 2186.4800 -0.1676 0 True
2016.6845 2186.1600 -0.1822 0 True
2016.6872 2181.3000 -0.4041 0 True
2016.6899 2127.8100 -2.8464 0 True
2016.6982 2159.0400 -1.4205 0 True
2016.7009 2127.0200 -2.8825 0 True
2016.7036 2125.7700 -2.9395 0 True
2016.7064 2147.2600 -1.9583 0 True
2016.7091 2139.1600 -2.3282 0 True
2016.7173 2139.1200 -2.3300 0 True
2016.7201 2139.7600 -2.3008 0 True
2016.7228 2163.1200 -1.2342 0 True
2016.7255 2177.1800 -0.5922 0 True
2016.7283 2164.6900 -1.1625 0 True
2016.7365 2146.1000 -2.0113 0 True
2016.7392 2159.9300 -1.3798 0 True
2016.7420 2171.3700 -0.8575 0 True
2016.7447 2151.1300 -1.7816 0 True
2016.7474 2168.2700 -0.9990 0 True
2016.7556 2161.2000 -1.3218 0 True
2016.7584 2150.4900 -1.8108 0 True
2016.7611 2159.7300 -1.3889 0 True
2016.7639 2160.7700 -1.3415 0 True
2016.7666 2153.7400 -1.6624 0 True
2016.7748 2163.6600 -1.2095 0 True
2016.7775 2136.7300 -2.4391 0 True
2016.7803 2139.1800 -2.3272 0 True
2016.7830 2132.5500 -2.6300 0 True
2016.7858 2132.9800 -2.6103 0 True
2016.7940 2126.5000 -2.9062 0 True
2016.7967 2139.6000 -2.3081 0 True
2016.7995 2144.2900 -2.0939 0 True
2016.8022 2141.3400 -2.2286 0 True
2016.8049 2141.1600 -2.2368 0 True
2016.8131 2151.3300 -1.7725 0 True
2016.8159 2143.1600 -2.1455 0 True
2016.8186 2139.4300 -2.3158 0 True
2016.8214 2133.0400 -2.6076 0 True
2016.8241 2126.4100 -2.9103 0 True
2016.8323 2126.1500 -2.9222 0 True
2016.8350 2111.7200 -3.5810 0 True
2016.8378 2097.9400 -4.2102 0 True
2016.8405 2088.6600 -4.6339 0 True
2016.8433 2085.1800 -4.7928 0 True
2016.8515 2131.5200 -2.6770 0 True
2016.8542 2139.5600 -2.3099 0 True
2016.8569 2163.2600 -1.2278 0 True
2016.8597 2167.4800 -1.0351 0 True
2016.8624 2164.4500 -1.1734 0 True
2016.8706 2164.2000 -1.1849 0 True
2016.8734 2180.3900 -0.4456 0 True
2016.8761 2176.9400 -0.6032 0 True
2016.8789 2187.1200 -0.1383 0 True
2016.8816 2181.9000 -0.3767 0 True
2016.8898 2198.1800 0.0000 0 True
2016.8925 2202.9400 0.0000 0 True
2016.8953 2204.7200 0.0000 0 True
2016.8980 2204.7200 0.0000 0 True
2016.9008 2213.3500 0.0000 0 True
2016.9090 2201.7200 -0.5254 0 True
2016.9117 2204.6600 -0.3926 0 True
2016.9144 2198.8100 -0.6569 0 True
2016.9172 2191.0800 -1.0062 0 True
2016.9199 2191.9500 -0.9669 0 True
2016.9281 2204.7100 -0.3904 0 True
2016.9309 2212.2300 -0.0506 0 True
2016.9336 2241.3500 0.0000 0 True
2016.9363 2246.1900 0.0000 0 True
2016.9391 2259.5300 0.0000 0 True
2016.9473 2256.9600 -0.1137 0 True
2016.9500 2271.7200 0.0000 0 True
2016.9528 2253.2800 -0.8117 0 True
2016.9555 2262.0300 -0.4265 0 True
2016.9582 2258.0700 -0.6009 0 True
2016.9665 2262.5300 -0.4045 0 True
2016.9692 2270.7600 -0.0423 0 True
2016.9719 2265.1800 -0.2879 0 True
2016.9747 2260.9600 -0.4736 0 True
2016.9774 2263.7900 -0.3491 0 True
2016.9856 2263.7900 -0.3491 0 True
2016.9884 2268.8800 -0.1250 0 True
2016.9911 2249.9200 -0.9596 0 True
2016.9938 2249.2600 -0.9887 0 True
2016.9966 2238.8300 -1.4478 0 True
2017.0027 2238.8300 -1.4478 0 True
2017.0055 2257.8300 -0.6114 0 True
2017.0082 2270.7500 -0.0427 0 True
2017.0110 2269.0000 -0.1197 0 True
2017.0137 2276.9800 0.0000 0 True
2017.0219 2268.9000 -0.3549 0 True
2017.0246 2268.9000 -0.3549 0 True
2017.0274 2275.3200 -0.0729 0 True
2017.0301 2270.4400 -0.2872 0 True
2017.0329 2274.6400 -0.1028 0 True
2017.0411 2274.6400 -0.1028 0 True
2017.0438 2267.8900 -0.3992 0 True
2017.0465 2271.8900 -0.2235 0 True
2017.0493 2263.6900 -0.5837 0 True
2017.0520 2271.3100 -0.2490 0 True
2017.0602 2265.2000 -0.5174 0 True
2017.0630 2280.0700 0.0000 0 True
2017.0657 2298.3700 0.0000 0 True
2017.0684 2296.6800 -0.0735 0 True
2017.0712 2294.6900 -0.1601 0 True
2017.0794 2280.9000 -0.7601 0 True
2017.0821 2278.8700 -0.8484 0 True
2017.0849 2279.5500 -0.8188 0 True
2017.0876 2280.8500 -0.7623 0 True
2017.0903 2297.4200 -0.0413 0 True
2017.0986 2292.5600 -0.2528 0 True
2017.1013 2293.0800 -0.2302 0 True
2017.1040 2294.6700 -0.1610 0 True
2017.1068 2307.8700 0.0000 0 True
2017.1095 2316.1000 0.0000 0 True
2017.1177 2328.2500 0.0000 0 True
2017.1205 2337.5800 0.0000 0 True
2017.1232 2349.2500 0.0000 0 True
2017.1259 2347.2200 -0.0864 0 True
2017.1287 2351.1600 0.0000 0 True
2017.1369 2351.1600 0.0000 0 True
2017.1396 2365.3800 0.0000 0 True
2017.1424 2362.8200 -0.1082 0 True
2017.1451 2363.8100 -0.0664 0 True
2017.1478 2367.3400 0.0000 0 True
2017.1561 2369.7500 0.0000 0 False
2017.1588 2363.6400 -0.2578 0 False
2017.1615 2395.9600 0.0000 0 False
2017.1643 2381.9200 -0.5860 0 False
2017.1670 2383.1200 -0.5359 0 False
2017.1752 2375.3100 -0.8619 0 False
2017.1780 2368.3900 -1.1507 0 False
2017.1807 2362.9800 -1.3765 0 False
2017.1834 2364.8700 -1.2976 0 False
2017.1862 2372.6000 -0.9750 0 False
2017.1944 2373.4700 -0.9387 0 False
2017.1971 2365.4500 -1.2734 0 False
2017.1999 2385.2600 -0.4466 0 False
2017.2026 2381.3800 -0.6085 0 False
2017.2053 2378.2500 -0.7392 0 False
2017.2136 2373.4700 -0.9387 0 False
2017.2163 2344.0200 -2.1678 0 False
2017.2190 2348.4500 -1.9829 0 False
2017.2218 2345.9600 -2.0868 0 False
2017.2245 2343.9800 -2.1695 0 False
2017.2327 2341.5900 -2.2692 0 False
2017.2355 2358.5700 -1.5605 0 False
2017.2382 2361.1300 -1.4537 0 False
2017.2409 2368.0600 -1.1645 0 False
2017.2437 2362.7200 -1.3873 0 False
2017.2519 2358.8400 -1.5493 0 False
2017.2546 2360.1600 -1.4942 0 False
2017.2574 2352.9500 -1.7951 0 False
2017.2601 2357.4900 -1.6056 0 False
2017.2628 2355.5400 -1.6870 0 False
2017.2710 2357.1600 -1.6194 0 False
2017.2738 2353.7800 -1.7605 0 False
2017.2765 2344.9300 -2.1298 0 False
2017.2793 2328.9500 -2.7968 0 False
2017.2820 2328.9500 -2.7968 0 False
2017.2902 2349.0100 -1.9595 0 False
2017.2930 2342.1900 -2.2442 0 False
2017.2957 2338.1700 -2.4120 0 False
2017.2984 2355.8400 -1.6745 0 False
2017.3012 2348.6900 -1.9729 0 False
2017.3094 2374.1500 -0.9103 0 False
2017.3121 2388.6100 -0.3068 0 False
2017.3149 2387.4500 -0.3552 0 False
2017.3176 2388.7700 -0.3001 0 False
2017.3203 2384.2000 -0.4908 0 False
2017.3285 2388.3300 -0.3185 0 False
2017.3313 2391.1700 -0.1999 0 False
2017.3340 2388.1300 -0.3268 0 False
2017.3368 2389.5200 -0.2688 0 False
2017.3395 2399.2900 0.0000 0 False
2017.3477 2399.3800 0.0000 0 False
2017.3504 2396.9200 -0.1025 0 False
2017.3532 2399.6300 0.0000 0 False
2017.3559 2394.4400 -0.2163 0 False
2017.3587 2390.9000 -0.3638 0 False
2017.3669 2402.3200 0.0000 0 False
2017.3696 2400.6700 -0.0687 0 False
2017.3723 2357.0300 -1.8853 0 False
2017.3751 2365.7200 -1.5235 0 False
2017.3778 2381.7300 -0.8571 0 False
2017.3860 2394.0200 -0.3455 0 False
2017.3888 2398.4200 -0.1623 0 False
2017.3915 2404.3900 0.0000 0 False
2017.3943 2415.0700 0.0000 0 False
2017.3970 2415.8200 0.0000 0 False
2017.4052 2415.8200 0.0000 0 False
2017.4079 2412.9100 -0.1205 0 False
2017.4107 2411.8000 -0.1664 0 False
2017.4134 2430.0600 0.0000 0 False
2017.4162 2439.0700 0.0000 0 False
2017.4244 2436.1000 -0.1218 0 False
2017.4271 2429.3300 -0.3993 0 False
2017.4298 2433.1400 -0.2431 0 False
2017.4326 2433.7900 -0.2165 0 False
2017.4353 2431.7700 -0.2993 0 False
2017.4435 2429.3900 -0.3969 0 False
2017.4463 2440.3500 0.0000 0 False
2017.4490 2437.9200 -0.0996 0 False
2017.4517 2432.4600 -0.3233 0 False
2017.4545 2433.1500 -0.2950 0 False
2017.4627 2453.4600 0.0000 0 False
2017.4654 2437.0300 -0.6697 0 False
2017.4682 2435.6100 -0.7275 0 False
2017.4709 2434.5000 -0.7728 0 False
2017.4736 2438.3000 -0.6179 0 False
2017.4819 2439.0700 -0.5865 0 False
2017.4846 2419.3800 -1.3891 0 False
2017.4873 2440.6900 -0.5205 0 False
2017.4901 2419.7000 -1.3760 0 False
2017.4928 2423.4100 -1.2248 0 False
2017.5010 2429.0100 -0.9966 0 False
2017.5038 2429.0100 -0.9966 0 False
2017.5065 2432.5400 -0.8527 0 False
2017.5092 2409.7500 -1.7816 0 False
2017.5120 2425.1800 -1.1527 0 False
2017.5202 2427.4300 -1.0610 0 False
2017.5229 2425.5300 -1.1384 0 False
2017.5257 2443.2500 -0.4161 0 False
2017.5284 2447.8300 -0.2295 0 False
2017.5311 2459.2700 0.0000 0 False
2017.5394 2459.1400 -0.0053 0 False
2017.5421 2460.6100 0.0000 0 False
2017.5448 2473.8300 0.0000 0 False
2017.5476 2473.4500 -0.0154 0 False
2017.5503 2472.5400 -0.0521 0 False
2017.5585 2469.9100 -0.1585 0 False
2017.5613 2477.1300 0.0000 0 False
2017.5640 2477.8300 0.0000 0 False
2017.5667 2475.4200 -0.0973 0 False
2017.5695 2472.1000 -0.2313 0 False
2017.5777 2470.3000 -0.3039 0 False
2017.5804 2476.3500 -0.0597 0 False
2017.5832 2477.5700 -0.0105 0 False
2017.5859 2472.1600 -0.2288 0 False
2017.5886 2476.8300 -0.0404 0 False
2017.5969 2480.9100 0.0000 0 False
2017.5996 2474.9200 -0.2414 0 False
2017.6023 2474.0200 -0.2777 0 False
2017.6051 2438.2100 -1.7211 0 False
2017.6078 2441.3200 -1.5958 0 False
2017.6160 2465.8400 -0.6074 0 False
2017.6188 2464.6100 -0.6570 0 False
2017.6215 2468.1100 -0.5159 0 False
2017.6242 2430.0100 -2.0517 0 False
2017.6270 2425.5500 -2.2314 0 False
2017.6352 2428.3700 -2.1178 0 False
2017.6379 2452.5100 -1.1447 0 False
2017.6407 2444.0400 -1.4861 0 False
2017.6434 2438.9700 -1.6905 0 False
2017.6461 2443.0500 -1.5261 0 False
2017.6543 2444.2400 -1.4781 0 False
2017.6571 2446.3000 -1.3951 0 False
2017.6598 2457.5900 -0.9400 0 False
2017.6626 2471.6500 -0.3733 0 False
2017.6653 2476.5500 -0.1757 0 False
2017.6735 2476.5500 -0.1757 0 False
2017.6762 2457.8500 -0.9295 0 False
2017.6790 2465.5400 -0.6195 0 False
2017.6817 2465.1000 -0.6373 0 False
2017.6845 2461.4300 -0.7852 0 False
2017.6927 2488.1100 0.0000 0 False
2017.6954 2496.4800 0.0000 0 False
2017.6982 2498.3700 0.0000 0 False
2017.7009 2495.6200 -0.1101 0 False
2017.7036 2500.2300 0.0000 0 False
2017.7118 2503.8700 0.0000 0 False
2017.7146 2506.6500 0.0000 0 False
2017.7173 2508.2400 0.0000 0 False
2017.7201 2500.6000 -0.3046 0 False
2017.7228 2502.2200 -0.2400 0 False
2017.7310 2496.6600 -0.4617 0 False
2017.7337 2496.8400 -0.4545 0 False
2017.7365 2507.0400 -0.0478 0 False
2017.7392 2510.0600 0.0000 0 False
2017.7420 2519.3600 0.0000 0 False
2017.7502 2529.1200 0.0000 0 False
2017.7529 2534.5800 0.0000 0 False
2017.7556 2537.7400 0.0000 0 False
2017.7584 2552.0700 0.0000 0 False
2017.7611 2549.3300 -0.1074 0 False
2017.7693 2544.7300 -0.2876 0 False
2017.7721 2550.6400 -0.0560 0 False
2017.7748 2555.2400 0.0000 0 False
2017.7775 2550.9300 -0.1687 0 False
2017.7803 2553.1700 -0.0810 0 False
2017.7885 2557.6400 0.0000 0 False
2017.7912 2559.3600 0.0000 0 False
2017.7940 2561.2600 0.0000 0 False
2017.7967 2562.1000 0.0000 0 False
2017.7995 2575.2100 0.0000 0 False
2017.8077 2564.9800 -0.3972 0 False
2017.8104 2569.1300 -0.2361 0 False
2017.8131 2557.1500 -0.7013 0 False
2017.8159 2560.4000 -0.5751 0 False
2017.8186 2581.0700 0.0000 0 False
2017.8268 2572.8300 -0.3192 0 False
2017.8296 2575.2600 -0.2251 0 False
2017.8323 2579.3600 -0.0663 0 False
2017.8350 2579.8500 -0.0473 0 False
2017.8378 2587.8400 0.0000 0 False
2017.8460 2591.1300 0.0000 0 False
2017.8487 2590.6400 -0.0189 0 False
2017.8515 2594.3800 0.0000 0 False
2017.8542 2584.6200 -0.3762 0 False
2017.8569 2582.3000 -0.4656 0 False
2017.8652 2584.8400 -0.3677 1 False
2017.8679 2578.8700 -0.5978 1 False
2017.8706 2564.6200 -1.1471 1 False
2017.8734 2585.6400 -0.3369 1 False
2017.8761 2578.8500 -0.5986 1 False
2017.8843 2582.1400 -0.4718 1 False
2017.8871 2599.0300 0.0000 1 False
2017.8898 2597.0800 -0.0750 1 False
2017.8925 2597.0800 -0.0750 1 False
2017.8953 2602.4200 0.0000 1 False
2017.9035 2601.4200 -0.0384 1 False
2017.9062 2627.0400 0.0000 1 False
2017.9090 2626.0700 -0.0369 1 False
2017.9117 2647.5800 0.0000 1 False
2017.9144 2642.2200 -0.2024 1 False
2017.9227 2639.4400 -0.3075 1 False
2017.9254 2629.5700 -0.6802 1 False
2017.9281 2629.2700 -0.6916 1 False
2017.9309 2636.9800 -0.4004 1 False
2017.9336 2651.5000 0.0000 1 False
2017.9418 2659.9900 0.0000 1 False
2017.9446 2664.1100 0.0000 1 False
2017.9473 2662.8500 -0.0473 1 False
2017.9500 2652.0100 -0.4542 1 False
2017.9528 2675.8100 0.0000 1 False
2017.9610 2690.1600 0.0000 1 False
2017.9637 2681.4700 -0.3230 1 False
2017.9665 2679.2500 -0.4056 1 False
2017.9692 2684.5700 -0.2078 1 False
2017.9719 2683.3400 -0.2535 1 False
2017.9802 2683.3400 -0.2535 1 False
2017.9829 2680.5000 -0.3591 1 False
2017.9856 2682.6200 -0.2803 1 False
2017.9884 2687.5400 -0.0974 1 False
2017.9911 2673.6100 -0.6152 1 False
2018.0000 2673.6100 -0.6152 1 False
2018.0027 2695.8100 0.0000 1 False
2018.0055 2713.0600 0.0000 1 False
2018.0082 2723.9900 0.0000 1 False
2018.0110 2743.1500 0.0000 1 False
2018.0192 2747.7100 0.0000 1 False
2018.0219 2751.2900 0.0000 1 False
2018.0246 2748.2300 -0.1112 1 False
2018.0274 2767.5600 0.0000 1 False
2018.0301 2786.2400 0.0000 1 False
2018.0383 2786.2400 0.0000 1 False
2018.0411 2776.4200 -0.3524 1 False
2018.0438 2802.5600 0.0000 1 False
2018.0465 2798.0300 -0.1616 1 False
2018.0493 2810.3000 0.0000 1 False
2018.0575 2832.9700 0.0000 1 False
2018.0602 2839.1300 0.0000 1 False
2018.0630 2837.5400 -0.0560 1 False
2018.0657 2839.2500 0.0000 1 False
2018.0684 2872.8700 0.0000 1 False
2018.0767 2853.5300 -0.6732 1 False
2018.0794 2822.4300 -1.7557 1 False
2018.0821 2823.8100 -1.7077 1 False
2018.0849 2821.9800 -1.7714 1 False
2018.0876 2762.1300 -3.8547 1 False
2018.0958 2648.9400 -7.7946 1 False
2018.0986 2695.1400 -6.1865 1 False
2018.1013 2681.6600 -6.6557 1 False
2018.1040 2581.0000 -10.1595 0 True
2018.1068 2619.5500 -8.8177 0 True
2018.1150 2656.0000 -7.5489 0 True
2018.1177 2662.9400 -7.3073 0 True
2018.1205 2698.6300 -6.0650 0 True
2018.1232 2731.2000 -4.9313 0 True
2018.1259 2732.2200 -4.8958 0 True
2018.1342 2732.2200 -4.8958 0 True
2018.1369 2716.2600 -5.4513 0 True
2018.1396 2701.3300 -5.9710 0 True
2018.1424 2703.9600 -5.8795 0 True
2018.1451 2747.3000 -4.3709 0 True
2018.1533 2779.6000 -3.2466 0 True
2018.1561 2744.2800 -4.4760 0 True
2018.1588 2713.8300 -5.5359 0 True
2018.1615 2677.6700 -6.7946 0 True
2018.1643 2691.2500 -6.3219 0 True
2018.1725 2720.9400 -5.2884 0 True
2018.1752 2728.1200 -5.0385 0 True
2018.1780 2726.8000 -5.0845 0 True
2018.1807 2738.9700 -4.6608 0 True
2018.1834 2786.5700 -3.0040 0 True
2018.1916 2783.0200 -3.1275 0 True
2018.1944 2765.3100 -3.7440 0 True
2018.1971 2749.4800 -4.2950 0 True
2018.1999 2747.3300 -4.3698 0 True
2018.2026 2752.0100 -4.2069 0 True
2018.2108 2712.9200 -5.5676 0 True
2018.2136 2716.9400 -5.4277 0 True
2018.2163 2711.9300 -5.6021 0 True
2018.2190 2643.6900 -7.9774 0 True
2018.2218 2588.2600 -9.9068 0 True
2018.2300 2658.5500 -7.4601 0 True
2018.2327 2612.6200 -9.0589 0 True
2018.2355 2605.0000 -9.3241 0 True
2018.2382 2640.8700 -8.0755 0 True
2018.2409 2640.8700 -8.0755 0 True
2018.2491 2581.8800 -10.1289 0 True
2018.2519 2614.4500 -8.9952 0 True
2018.2546 2644.6900 -7.9426 0 True
2018.2574 2662.8400 -7.3108 0 True
2018.2601 2604.4700 -9.3426 0 True
2018.2683 2613.1600 -9.0401 0 True
2018.2710 2656.8700 -7.5186 0 True
2018.2738 2642.1900 -8.0296 0 True
2018.2765 2663.9900 -7.2708 0 True
2018.2793 2656.3000 -7.5385 0 True
2018.2875 2677.8400 -6.7887 0 True
2018.2902 2706.3900 -5.7949 0 True
2018.2930 2708.6400 -5.7166 0 True
2018.2957 2693.1300 -6.2565 0 True
2018.2984 2670.1400 -7.0567 0 True
2018.3066 2670.2900 -7.0515 0 True
2018.3094 2634.5600 -8.2952 0 True
2018.3121 2639.4000 -8.1267 0 True
2018.3149 2666.9400 -7.1681 0 True
2018.3176 2669.9100 -7.0647 0 True
2018.3258 2648.0500 -7.8256 0 True
2018.3285 2654.8000 -7.5907 0 True
2018.3313 2635.6700 -8.2566 0 True
2018.3340 2629.7300 -8.4633 0 True
2018.3368 2663.4200 -7.2906 0 True
2018.3450 2672.6300 -6.9700 0 True
2018.3477 2671.9200 -6.9947 0 True
2018.3504 2697.7900 -6.0943 0 True
2018.3532 2723.0700 -5.2143 0 True
2018.3559 2727.7200 -5.0524 0 True
2018.3641 2730.1300 -4.9686 0 True
2018.3669 2711.4500 -5.6188 0 True
2018.3696 2722.4600 -5.2355 0 True
2018.3723 2720.1300 -5.3166 0 True
2018.3751 2712.9700 -5.5659 0 True
2018.3833 2733.0100 -4.8683 0 True
2018.3860 2724.4400 -5.1666 0 True
2018.3888 2733.2900 -4.8586 0 True
2018.3915 2727.7600 -5.0510 0 True
2018.3943 2721.3300 -5.2749 0 True
2018.4025 2721.3300 -5.2749 0 True
2018.4052 2689.8600 -6.3703 0 True
2018.4079 2724.0100 -5.1816 0 True
2018.4107 2705.2700 -5.8339 0 True
2018.4134 2734.6200 -4.8123 0 True
2018.4216 2746.8700 -4.3859 0 True
2018.4244 2748.8000 -4.3187 0 True
2018.4271 2772.3500 -3.4989 0 True
2018.4298 2770.3700 -3.5679 0 True
2018.4326 2779.0300 -3.2664 0 True
2018.4408 2782.0000 -3.1630 0 True
2018.4435 2786.8500 -2.9942 0 True
2018.4463 2775.6300 -3.3848 0 True
2018.4490 2782.4900 -3.1460 0 True
2018.4517 2779.6600 -3.2445 0 True
2018.4600 2773.7500 -3.4502 0 True
2018.4627 2762.5900 -3.8387 0 True
2018.4654 2767.3200 -3.6740 0 True
2018.4682 2749.7600 -4.2853 0 True
2018.4709 2754.8800 -4.1070 0 True
2018.4791 2717.0700 -5.4231 0 True
2018.4819 2723.0600 -5.2146 0 True
2018.4846 2699.6300 -6.0302 0 True
2018.4873 2716.3100 -5.4496 0 True
2018.4901 2718.3700 -5.3779 0 True
2018.4983 2726.7100 -5.0876 0 True
2018.5010 2713.2200 -5.5572 0 True
2018.5038 2713.2200 -5.5572 0 True
2018.5065 2736.6100 -4.7430 0 True
2018.5092 2759.8200 -3.9351 0 True
2018.5175 2784.1700 -3.0875 0 True
2018.5202 2793.8400 -2.7509 0 True
2018.5229 2774.0200 -3.4408 0 True
2018.5257 2798.2900 -2.5960 0 True
2018.5284 2801.3100 -2.4909 0 True
2018.5366 2798.4300 -2.5911 0 True
2018.5394 2809.5500 -2.2041 0 True
2018.5421 2815.6200 -1.9928 0 True
2018.5448 2804.4900 -2.3802 0 True
2018.5476 2801.8300 -2.4728 0 True
2018.5558 2806.9800 -2.2935 0 True
2018.5585 2820.4000 -1.8264 0 True
2018.5613 2846.0700 -0.9329 0 True
2018.5640 2837.4400 -1.2333 0 True
2018.5667 2818.8200 -1.8814 0 True
2018.5749 2802.6000 -2.4460 0 True
2018.5777 2816.2900 -1.9695 0 True
2018.5804 2813.3600 -2.0714 0 True
2018.5832 2827.2200 -1.5890 0 True
2018.5859 2840.3500 -1.1320 0 True
2018.5941 2850.4000 -0.7821 0 True
2018.5969 2858.4500 -0.5019 0 True
2018.5996 2857.7000 -0.5280 0 True
2018.6023 2853.5800 -0.6715 0 True
2018.6051 2833.2800 -1.3781 0 True
2018.6133 2821.9300 -1.7731 0 True
2018.6160 2839.9600 -1.1455 0 True
2018.6188 2818.3700 -1.8971 0 True
2018.6215 2840.6900 -1.1201 0 True
2018.6242 2850.1300 -0.7915 0 True
2018.6324 2857.0500 -0.5507 0 True
2018.6352 2862.9600 -0.3450 0 True
2018.6379 2861.8200 -0.3846 0 True
2018.6407 2856.9800 -0.5531 0 True
2018.6434 2874.6900 0.0000 0 True
2018.6516 2896.7400 0.0000 0 True
2018.6543 2897.5200 0.0000 0 True
2018.6571 2914.0400 0.0000 0 True
2018.6598 2901.1300 -0.4430 0 True
2018.6626 2901.5200 -0.4296 0 True
2018.6708 2901.5200 -0.4296 0 True
2018.6735 2896.7200 -0.5944 0 True
2018.6762 2888.6000 -0.8730 0 True
2018.6790 2878.0500 -1.2351 0 True
2018.6817 2871.6800 -1.4537 0 True
2018.6899 2877.1300 -1.2666 0 True
2018.6927 2887.8900 -0.8974 0 True
2018.6954 2888.9200 -0.8620 0 True
2018.6982 2904.1800 -0.3384 0 True
2018.7009 2904.9800 -0.3109 0 True
2018.7091 2888.8000 -0.8662 0 True
2018.7118 2904.3100 -0.3339 0 True
2018.7146 2907.9500 -0.2090 0 True
2018.7173 2930.7500 0.0000 0 True
2018.7201 2929.6700 -0.0369 0 True
2018.7283 2919.3700 -0.3883 0 True
2018.7310 2915.5600 -0.5183 0 True
2018.7337 2905.9700 -0.8455 0 True
2018.7365 2914.0000 -0.5715 0 True
2018.7392 2913.9800 -0.5722 0 True
2018.7474 2924.5900 -0.2102 0 True
2018.7502 2923.4300 -0.2498 0 True
2018.7529 2925.5100 -0.1788 0 True
2018.7556 2901.6100 -0.9943 0 True
2018.7584 2885.5700 -1.5416 0 True
2018.7666 2884.4300 -1.5805 0 True
2018.7693 2880.3400 -1.7200 0 True
2018.7721 2785.6800 -4.9499 0 True
2018.7748 2728.3700 -6.9054 0 True
2018.7775 2767.1300 -5.5829 0 True
2018.7858 2750.7900 -6.1404 0 True
2018.7885 2809.9200 -4.1228 0 True
2018.7912 2809.2100 -4.1471 0 True
2018.7940 2768.7800 -5.5266 0 True
2018.7967 2767.7800 -5.5607 0 True
2018.8049 2755.8800 -5.9667 0 True
2018.8077 2740.6900 -6.4850 0 True
2018.8104 2656.1000 -9.3713 0 True
2018.8131 2705.5700 -7.6834 0 True
2018.8159 2658.6900 -9.2829 0 True
2018.8241 2641.2500 -9.8780 0 True
2018.8268 2682.6300 -8.4661 0 True
2018.8296 2711.7400 -7.4728 0 True
2018.8323 2740.3700 -6.4959 0 True
2018.8350 2723.0600 -7.0866 0 True
2018.8433 2738.3100 -6.5662 0 True
2018.8460 2755.4500 -5.9814 0 True
2018.8487 2813.8900 -3.9874 0 True
2018.8515 2806.8300 -4.2283 0 True
2018.8542 2781.0100 -5.1093 0 True
2018.8624 2726.2200 -6.9788 0 True
2018.8652 2722.1800 -7.1166 0 True
2018.8679 2701.5800 -7.8195 0 True
2018.8706 2730.2000 -6.8430 0 True
2018.8734 2736.2700 -6.6358 0 True
2018.8816 2690.7300 -8.1897 0 True
2018.8843 2641.8900 -9.8562 0 True
2018.8871 2649.9300 -9.5818 0 True
2018.8898 2649.9300 -9.5818 0 True
2018.8925 2632.5600 -10.1745 0 True
2018.9008 2673.4500 -8.7793 0 True
2018.9035 2682.1700 -8.4818 0 True
2018.9062 2743.7900 -6.3793 0 True
2018.9090 2737.7600 -6.5850 0 True
2018.9117 2760.1700 -5.8204 0 True
2018.9199 2790.3700 -4.7899 0 True
2018.9227 2700.0600 -7.8714 0 True
2018.9254 2700.0600 -7.8714 0 True
2018.9281 2695.9500 -8.0116 0 True
2018.9309 2633.0800 -10.1568 0 True
2018.9391 2637.7200 -9.9985 0 True
2018.9418 2636.7800 -10.0305 0 True
2018.9446 2651.0700 -9.5429 0 True
2018.9473 2650.5400 -9.5610 0 True
2018.9500 2599.9500 -11.2872 0 True
2018.9582 2545.9400 -13.1301 0 True
2018.9610 2546.1600 -13.1226 0 True
2018.9637 2506.9600 -14.4601 0 True
2018.9665 2467.4200 -15.8093 0 True
2018.9692 2416.6200 -17.5426 0 True
2018.9774 2351.1000 -19.7782 0 True
2018.9802 2351.1000 -19.7782 0 True
2018.9829 2467.7000 -15.7997 0 True
2018.9856 2488.8300 -15.0787 0 True
2018.9884 2485.7400 -15.1842 0 True
2018.9966 2506.8500 -14.4639 0 True
2019.0000 2506.8500 -14.4639 0 True
2019.0027 2510.0300 -14.3554 0 True
2019.0055 2447.8900 -16.4756 0 True
2019.0082 2531.9400 -13.6078 0 True
2019.0164 2549.6900 -13.0021 0 True
2019.0192 2574.4100 -12.1587 0 True
2019.0219 2584.9600 -11.7987 0 True
2019.0246 2596.6400 -11.4002 0 True
2019.0274 2596.2600 -11.4131 0 True
2019.0356 2582.6100 -11.8789 0 True
2019.0383 2610.3000 -10.9341 0 True
2019.0411 2616.1000 -10.7362 0 True
2019.0438 2635.9600 -10.0585 0 True
2019.0465 2670.7100 -8.8728 0 True
2019.0548 2670.7100 -8.8728 0 True
2019.0575 2632.9000 -10.1629 0 True
2019.0602 2638.7000 -9.9650 0 True
2019.0630 2642.3300 -9.8412 0 True
2019.0657 2664.7600 -9.0758 0 True
2019.0739 2643.8500 -9.7893 0 True
2019.0767 2640.0000 -9.9207 0 True
2019.0794 2681.0500 -8.5200 0 True
2019.0821 2704.1000 -7.7335 0 True
2019.0849 2706.5300 -7.6506 0 True
2019.0931 2724.8700 -7.0248 0 True
2019.0958 2737.7000 -6.5871 0 True
2019.0986 2731.6100 -6.7948 0 True
2019.1013 2706.0500 -7.6670 0 True
2019.1040 2707.8800 -7.6045 0 True
2019.1123 2709.8000 -7.5390 0 True
2019.1150 2744.7300 -6.3472 0 True
2019.1177 2753.0300 -6.0640 0 True
2019.1205 2745.7300 -6.3131 0 True
2019.1232 2775.6000 -5.2939 0 True
2019.1314 2775.6000 -5.2939 0 True
2019.1342 2779.7600 -5.1519 0 True
2019.1369 2784.7000 -4.9834 0 True
2019.1396 2774.8800 -5.3184 0 True
2019.1424 2792.6700 -4.7114 0 True
2019.1506 2796.1100 -4.5940 0 True
2019.1533 2793.9000 -4.6695 0 True
2019.1561 2792.3800 -4.7213 0 True
2019.1588 2784.4900 -4.9905 0 True
2019.1615 2803.6900 -4.3354 0 True
2019.1697 2792.8100 -4.7066 0 True
2019.1725 2789.6500 -4.8145 0 True
2019.1752 2771.4500 -5.4355 0 True
2019.1780 2748.9300 -6.2039 0 True
2019.1807 2743.0700 -6.4038 0 True
2019.1889 2783.3000 -5.0311 0 True
2019.1916 2791.5200 -4.7507 0 True
2019.1944 2810.9200 -4.0887 0 True
2019.1971 2808.4800 -4.1720 0 True
2019.1999 2822.4800 -3.6943 0 True
2019.2081 2832.9400 -3.3374 0 True
2019.2108 2832.5700 -3.3500 0 True
2019.2136 2824.2300 -3.6346 0 True
2019.2163 2854.8800 -2.5888 0 True
2019.2190 2800.7100 -4.4371 0 True
2019.2272 2798.3600 -4.5173 0 True
2019.2300 2818.4600 -3.8314 0 True
2019.2327 2805.3700 -4.2781 0 True
2019.2355 2815.4400 -3.9345 0 True
2019.2382 2834.4000 -3.2876 0 True
2019.2464 2867.1900 -2.1687 0 True
2019.2491 2867.2400 -2.1670 0 True
2019.2519 2873.4000 -1.9568 0 True
2019.2546 2879.3900 -1.7525 0 True
2019.2574 2892.7400 -1.2969 0 True
2019.2656 2895.7700 -1.1936 0 True
2019.2683 2878.2000 -1.7931 0 True
2019.2710 2888.2100 -1.4515 0 True
2019.2738 2888.3200 -1.4478 0 True
2019.2765 2907.4100 -0.7964 0 True
2019.2847 2905.5800 -0.8588 0 True
2019.2875 2907.0600 -0.8083 0 True
2019.2902 2900.4500 -1.0339 0 True
2019.2930 2905.0300 -0.8776 0 True
2019.2957 2905.0300 -0.8776 0 True
2019.3039 2907.9700 -0.7773 0 True
2019.3066 2933.6800 0.0000 0 True
2019.3094 2927.2500 -0.2192 0 True
2019.3121 2926.1700 -0.2560 0 True
2019.3149 2939.8800 0.0000 0 True
2019.3231 2943.0300 0.0000 0 True
2019.3258 2945.8300 0.0000 0 True
2019.3285 2923.7300 -0.7502 0 True
2019.3313 2917.5200 -0.9610 0 True
2019.3340 2945.6400 -0.0064 0 True
2019.3422 2932.4700 -0.4535 0 True
2019.3450 2884.0500 -2.0972 0 True
2019.3477 2879.4200 -2.2544 0 True
2019.3504 2870.7200 -2.5497 0 True
2019.3532 2881.4000 -2.1872 0 True
2019.3614 2811.8700 -4.5474 0 True
2019.3641 2834.4100 -3.7823 0 True
2019.3669 2850.9600 -3.2205 0 True
2019.3696 2876.3200 -2.3596 0 True
2019.3723 2859.5300 -2.9296 0 True
2019.3806 2840.2300 -3.5847 0 True
2019.3833 2864.3600 -2.7656 0 True
2019.3860 2856.2700 -3.0402 0 True
2019.3888 2822.2400 -4.1954 0 True
2019.3915 2826.0600 -4.0657 0 True
2019.3997 2826.0600 -4.0657 0 True
2019.4025 2802.3900 -4.8693 0 True
2019.4052 2783.0200 -5.5268 0 True
2019.4079 2788.8600 -5.3285 0 True
2019.4107 2752.0600 -6.5778 0 True
2019.4189 2744.4500 -6.8361 0 True
2019.4216 2803.2700 -4.8394 0 True
2019.4244 2826.1500 -4.0627 0 True
2019.4271 2843.4900 -3.4741 0 True
2019.4298 2873.3400 -2.4608 0 True
2019.4381 2886.7300 -2.0062 0 True
2019.4408 2885.7200 -2.0405 0 True
2019.4435 2879.8400 -2.2401 0 True
2019.4463 2891.6400 -1.8395 0 True
2019.4490 2886.9800 -1.9977 0 True
2019.4572 2889.6700 -1.9064 0 True
2019.4600 2917.7500 -0.9532 0 True
2019.4627 2926.4600 -0.6575 0 True
2019.4654 2954.1800 0.0000 0 True
2019.4682 2950.4600 -0.1259 0 False
2019.4764 2945.3500 -0.2989 0 False
2019.4791 2917.3800 -1.2457 0 False
2019.4819 2913.7800 -1.3676 0 False
2019.4846 2924.9200 -0.9905 0 False
2019.4873 2941.7600 -0.4204 0 False
2019.4956 2964.3300 0.0000 0 False
2019.4983 2973.0100 0.0000 0 False
2019.5010 2995.8200 0.0000 0 False
2019.5038 2995.8200 0.0000 0 False
2019.5065 2990.4100 -0.1806 0 False
2019.5147 2975.9500 -0.6633 0 False
2019.5175 2979.6300 -0.5404 0 False
2019.5202 2993.0700 -0.0918 0 False
2019.5229 2999.9100 0.0000 0 False
2019.5257 3013.7700 0.0000 0 False
2019.5339 3014.3000 0.0000 0 False
2019.5366 3004.0400 -0.3404 0 False
2019.5394 2984.4200 -0.9913 0 False
2019.5421 2995.1100 -0.6366 0 False
2019.5448 2976.6100 -1.2504 0 False
2019.5530 2985.0300 -0.9710 0 False
2019.5558 3005.4700 -0.2929 0 False
2019.5585 3019.5600 0.0000 0 False
2019.5613 3003.6700 -0.5262 0 False
2019.5640 3025.8600 0.0000 0 False
2019.5722 3020.9700 -0.1616 0 False
2019.5749 3013.1800 -0.4191 0 False
2019.5777 2980.3800 -1.5030 0 False
2019.5804 2953.5600 -2.3894 0 False
2019.5832 2932.0500 -3.1003 0 False
2019.5914 2844.7400 -5.9857 0 False
2019.5941 2881.7700 -4.7620 0 False
2019.5969 2883.9800 -4.6889 0 False
2019.5996 2938.0900 -2.9007 0 False
2019.6023 2918.6500 -3.5431 0 False
2019.6105 2883.7500 -4.6965 0 False
2019.6133 2926.3200 -3.2896 0 False
2019.6160 2840.6000 -6.1226 0 False
2019.6188 2847.6000 -5.8912 0 False
2019.6215 2888.6800 -4.5336 0 False
2019.6297 2923.6500 -3.3779 0 False
2019.6324 2900.5100 -4.1426 0 False
2019.6352 2924.4300 -3.3521 0 False
2019.6379 2922.9500 -3.4010 0 False
2019.6407 2847.1100 -5.9074 0 False
2019.6489 2878.3800 -4.8740 0 False
2019.6516 2869.1600 -5.1787 0 False
2019.6543 2887.9400 -4.5580 0 False
2019.6571 2924.5800 -3.3471 0 False
2019.6598 2926.4600 -3.2850 0 False
2019.6680 2926.4600 -3.2850 0 False
2019.6708 2906.2700 -3.9523 0 False
2019.6735 2937.7800 -2.9109 0 False
2019.6762 2976.0000 -1.6478 0 False
2019.6790 2978.7100 -1.5582 0 False
2019.6872 2978.4300 -1.5675 0 False
2019.6899 2979.3900 -1.5358 0 False
2019.6927 3000.9300 -0.8239 0 False
2019.6954 3009.5700 -0.5384 0 False
2019.6982 3007.3900 -0.6104 0 False
2019.7064 2997.9600 -0.9221 0 False
2019.7091 3005.7000 -0.6663 0 False
2019.7118 3006.7300 -0.6322 0 False
2019.7146 3006.7900 -0.6302 0 False
2019.7173 2992.0700 -1.1167 0 False
2019.7255 2991.7800 -1.1263 0 False
2019.7283 2966.6000 -1.9585 0 False
2019.7310 2984.8700 -1.3547 0 False
2019.7337 2977.6200 -1.5943 0 False
2019.7365 2961.7900 -2.1174 0 False
2019.7447 2976.7400 -1.6233 0 False
2019.7474 2940.2500 -2.8293 0 False
2019.7502 2887.6100 -4.5689 0 False
2019.7529 2910.6300 -3.8082 0 False
2019.7556 2952.0100 -2.4406 0 False
2019.7639 2938.7900 -2.8775 0 False
2019.7666 2893.0600 -4.3888 0 False
2019.7693 2919.4000 -3.5183 0 False
2019.7721 2938.1300 -2.8993 0 False
2019.7748 2970.2700 -1.8372 0 False
2019.7830 2966.1500 -1.9733 0 False
2019.7858 2995.6800 -0.9974 0 False
2019.7885 2989.6900 -1.1954 0 False
2019.7912 2997.9500 -0.9224 0 False
2019.7940 2986.2000 -1.3107 0 False
2019.8022 3006.7200 -0.6325 0 False
2019.8049 2995.9900 -0.9872 0 False
2019.8077 3004.5200 -0.7053 0 False
2019.8104 3010.2900 -0.5146 0 False
2019.8131 3022.5500 -0.1094 0 False
2019.8214 3039.4200 0.0000 0 False
2019.8241 3036.8900 -0.0832 0 False
2019.8268 3046.7700 0.0000 0 False
2019.8296 3037.5600 -0.3023 0 False
2019.8323 3066.9100 0.0000 0 False
2019.8405 3078.2700 0.0000 0 False
2019.8433 3074.6200 -0.1186 0 False
2019.8460 3076.7800 -0.0484 0 False
2019.8487 3085.1800 0.0000 0 False
2019.8515 3093.0800 0.0000 0 False
2019.8597 3087.0100 -0.1962 0 False
2019.8624 3091.8400 -0.0401 0 False
2019.8652 3094.0400 0.0000 0 False
2019.8679 3096.6300 0.0000 0 False
2019.8706 3120.4600 0.0000 0 False
2019.8789 3122.0300 0.0000 0 False
2019.8816 3120.1800 -0.0593 0 False
2019.8843 3108.4600 -0.4347 0 False
2019.8871 3103.5400 -0.5922 0 False
2019.8898 3110.2900 -0.3760 0 False
2019.8980 3133.6400 0.0000 0 False
2019.9008 3140.5200 0.0000 0 False
2019.9035 3153.6300 0.0000 0 False
2019.9062 3153.6300 0.0000 0 False
2019.9090 3140.9800 -0.4011 0 False
2019.9172 3113.8700 -1.2608 1 False
2019.9199 3093.2000 -1.9162 1 False
2019.9227 3112.7600 -1.2960 1 False
2019.9254 3117.4300 -1.1479 1 False
2019.9281 3145.9100 -0.2448 1 False
2019.9363 3135.9600 -0.5603 1 False
2019.9391 3132.5200 -0.6694 1 False
2019.9418 3141.6300 -0.3805 1 False
2019.9446 3168.5700 0.0000 1 False
2019.9473 3168.8000 0.0000 1 False
2019.9555 3191.4500 0.0000 1 False
2019.9582 3192.5200 0.0000 1 False
2019.9610 3191.1400 -0.0432 1 False
2019.9637 3205.3700 0.0000 1 False
2019.9665 3221.2200 0.0000 1 False
2019.9747 3224.0100 0.0000 1 False
2019.9774 3223.3800 -0.0195 1 False
2019.9802 3223.3800 -0.0195 1 False
2019.9829 3239.9100 0.0000 1 False
2019.9856 3240.0200 0.0000 1 False
2019.9938 3221.2900 -0.5781 1 False
2019.9966 3230.7800 -0.2852 1 False
2020.0000 3230.7800 -0.2852 1 False
2020.0027 3257.8500 0.0000 1 False
2020.0055 3234.8500 -0.7060 1 False
2020.0137 3246.2800 -0.3551 1 False
2020.0164 3237.1800 -0.6345 1 False
2020.0192 3253.0500 -0.1473 1 False
2020.0219 3274.7000 0.0000 1 False
2020.0246 3265.3500 -0.2855 1 False
2020.0329 3288.1300 0.0000 1 False
2020.0356 3283.1500 -0.1515 1 False
2020.0383 3289.2900 0.0000 1 False
2020.0411 3316.8100 0.0000 1 False
2020.0438 3329.6200 0.0000 1 False
2020.0520 3329.6200 0.0000 1 False
2020.0548 3320.7900 -0.2652 1 False
2020.0575 3321.7500 -0.2364 1 False
2020.0602 3325.5400 -0.1225 1 False
2020.0630 3295.4700 -1.0256 1 False
2020.0712 3243.6300 -2.5826 1 False
2020.0739 3276.2400 -1.6032 1 False
2020.0767 3273.4000 -1.6885 1 False
2020.0794 3283.6600 -1.3803 1 False
2020.0821 3225.5200 -3.1265 1 False
2020.0903 3248.9200 -2.4237 1 False
2020.0931 3297.5900 -0.9620 1 False
2020.0958 3334.6900 0.0000 1 False
2020.0986 3345.7800 0.0000 1 False
2020.1013 3327.7100 -0.5401 1 False
2020.1095 3352.0900 0.0000 1 False
2020.1123 3357.7500 0.0000 1 False
2020.1150 3379.4500 0.0000 1 False
2020.1177 3373.9400 -0.1630 1 False
2020.1205 3380.1600 0.0000 1 False
2020.1287 3380.1600 0.0000 1 False
2020.1314 3370.2900 -0.2920 1 False
2020.1342 3386.1500 0.0000 1 False
2020.1369 3373.2300 -0.3816 1 False
2020.1396 3337.7500 -1.4294 1 False
2020.1478 3225.8900 -4.7328 1 False
2020.1506 3128.2100 -7.6175 1 False
2020.1533 3116.3900 -7.9666 1 False
2020.1561 2978.7600 -12.0311 0 True
2020.1588 2954.2200 -12.7558 0 True
2020.1670 3090.2300 -8.7391 0 True
2020.1697 3003.3700 -11.3043 0 True
2020.1725 3130.1200 -7.5611 0 True
2020.1752 3023.9400 -10.6968 0 True
2020.1780 2972.3700 -12.2198 0 True
2020.1862 2746.5600 -18.8884 0 True
2020.1889 2882.2300 -14.8818 0 True
2020.1916 2741.3800 -19.0414 0 True
2020.1944 2480.6400 -26.7416 0 True
2020.1971 2711.0200 -19.9380 0 True
2020.2053 2386.1300 -29.5327 0 True
2020.2081 2529.1900 -25.3078 0 True
2020.2108 2398.1000 -29.1792 0 True
2020.2136 2409.3900 -28.8457 0 True
2020.2163 2304.9200 -31.9310 0 True
2020.2245 2237.4000 -33.9250 0 True
2020.2272 2447.3300 -27.7253 0 True
2020.2300 2475.5600 -26.8916 0 True
2020.2327 2630.0700 -22.3286 0 True
2020.2355 2541.4700 -24.9451 0 True
2020.2437 2626.6500 -22.4296 0 True
2020.2464 2584.5900 -23.6717 0 True
2020.2491 2470.5000 -27.0410 0 True
2020.2519 2526.9000 -25.3754 0 True
2020.2546 2488.6500 -26.5050 0 True
2020.2628 2663.6800 -21.3360 0 True
2020.2656 2659.4100 -21.4621 0 True
2020.2683 2749.9800 -18.7874 0 True
2020.2710 2789.8200 -17.6109 0 True
2020.2738 2789.8200 -17.6109 0 True
2020.2820 2761.6300 -18.4434 0 True
2020.2847 2846.0600 -15.9500 0 True
2020.2875 2783.3600 -17.8016 0 True
2020.2902 2799.5500 -17.3235 0 True
2020.2930 2874.5600 -15.1083 0 True
2020.3012 2823.1600 -16.6263 0 True
2020.3039 2736.5600 -19.1837 0 True
2020.3066 2799.3100 -17.3306 0 True
2020.3094 2797.8000 -17.3752 0 True
2020.3121 2836.7400 -16.2252 0 True
2020.3203 2878.4800 -14.9925 0 True
2020.3231 2863.3900 -15.4382 0 True
2020.3258 2939.5100 -13.1902 0 True
2020.3285 2912.4300 -13.9899 0 True
2020.3313 2830.7100 -16.4033 0 True
2020.3395 2842.7400 -16.0480 0 True
2020.3422 2868.4400 -15.2890 0 True
2020.3450 2848.4200 -15.8803 0 True
2020.3477 2881.1900 -14.9125 0 True
2020.3504 2929.8000 -13.4770 0 True
2020.3587 2930.3200 -13.4616 0 True
2020.3614 2870.1200 -15.2394 0 True
2020.3641 2820.0000 -16.7196 0 True
2020.3669 2852.5000 -15.7598 0 True
2020.3696 2863.7000 -15.4290 0 True
2020.3778 2953.9100 -12.7649 0 True
2020.3806 2922.9400 -13.6795 0 True
2020.3833 2971.6100 -12.2422 0 True
2020.3860 2948.5100 -12.9244 0 True
2020.3888 2955.4500 -12.7195 0 True
2020.3970 2955.4500 -12.7195 0 True
2020.3997 2991.7700 -11.6469 0 True
2020.4025 3036.1300 -10.3368 0 True
2020.4052 3029.7300 -10.5258 0 True
2020.4079 3044.3100 -10.0952 0 True
2020.4162 3055.7300 -9.7580 0 True
2020.4189 3080.8200 -9.0170 0 True
2020.4216 3122.8700 -7.7752 0 True
2020.4244 3112.3500 -8.0859 0 True
2020.4271 3193.9300 -5.6767 0 True
2020.4353 3232.3900 -4.5409 0 True
2020.4381 3207.1800 -5.2854 0 True
2020.4408 3190.1400 -5.7886 0 True
2020.4435 3002.1000 -11.3418 0 True
2020.4463 3041.3100 -10.1838 0 True
2020.4545 3066.5900 -9.4373 0 True
2020.4572 3124.7400 -7.7200 0 True
2020.4600 3113.4900 -8.0522 0 True
2020.4627 3115.3400 -7.9976 0 True
2020.4654 3097.7400 -8.5173 0 True
2020.4736 3117.8600 -7.9232 0 True
2020.4764 3131.2900 -7.5265 0 True
2020.4791 3050.3300 -9.9175 0 True
2020.4819 3083.7600 -8.9302 0 True
2020.4846 3009.0500 -11.1365 0 True
2020.4928 3053.2400 -9.8315 0 True
2020.4956 3100.2900 -8.4420 0 True
2020.4983 3115.8600 -7.9822 0 True
2020.5010 3130.0100 -7.5643 0 True
2020.5038 3130.0100 -7.5643 0 True
2020.5120 3179.7200 -6.0963 0 True
2020.5147 3145.3200 -7.1122 0 True
2020.5175 3169.9400 -6.3851 0 True
2020.5202 3152.0500 -6.9135 0 True
2020.5229 3185.0400 -5.9392 0 True
2020.5311 3155.2200 -6.8198 0 True
2020.5339 3197.5200 -5.5706 0 True
2020.5366 3226.5600 -4.7130 0 True
2020.5394 3215.5700 -5.0376 0 True
2020.5421 3224.7300 -4.7671 0 True
2020.5503 3251.8400 -3.9665 0 True
2020.5530 3257.3000 -3.8052 0 True
2020.5558 3276.0200 -3.2524 0 True
2020.5585 3235.6600 -4.4443 0 True
2020.5613 3215.6300 -5.0358 0 True
2020.5695 3239.4100 -4.3335 0 True
2020.5722 3218.4400 -4.9528 0 True
2020.5749 3258.4400 -3.7715 0 True
2020.5777 3246.2200 -4.1324 0 True
2020.5804 3271.1200 -3.3971 0 True
2020.5886 3294.6100 -2.7034 0 True
2020.5914 3306.5100 -2.3519 0 True
2020.5941 3327.7700 -1.7241 0 True
2020.5969 3349.1600 -1.0924 0 True
2020.5996 3351.2800 -1.0298 0 True
2020.6078 3360.4700 -0.7584 0 True
2020.6105 3333.6900 -1.5493 0 True
2020.6133 3380.3500 -0.1713 0 True
2020.6160 3373.4300 -0.3756 0 True
2020.6188 3372.8500 -0.3928 0 True
2020.6270 3381.9900 -0.1229 0 True
2020.6297 3389.7800 0.0000 0 True
2020.6324 3374.8500 -0.4404 0 True
2020.6352 3385.5100 -0.1260 0 True
2020.6379 3397.1600 0.0000 0 True
2020.6461 3431.2800 0.0000 0 True
2020.6489 3443.6200 0.0000 0 True
2020.6516 3478.7300 0.0000 0 True
2020.6543 3484.5500 0.0000 0 True
2020.6571 3508.0100 0.0000 0 True
2020.6653 3500.3100 -0.2195 0 True
2020.6680 3526.6500 0.0000 0 True
2020.6708 3580.8400 0.0000 0 True
2020.6735 3455.0600 -3.5126 0 True
2020.6762 3426.9600 -4.2973 0 True
2020.6845 3426.9600 -4.2973 0 True
2020.6872 3331.8400 -6.9537 0 True
2020.6899 3398.9600 -5.0793 0 True
2020.6927 3339.1900 -6.7484 0 True
2020.6954 3340.9700 -6.6987 0 True
2020.7036 3383.5400 -5.5099 0 True
2020.7064 3401.2000 -5.0167 0 True
2020.7091 3385.4900 -5.4554 0 True
2020.7118 3357.0100 -6.2508 0 True
2020.7146 3319.4700 -7.2991 0 True
2020.7228 3281.0600 -8.3718 0 True
2020.7255 3315.5700 -7.4080 0 True
2020.7283 3236.9200 -9.6045 0 True
2020.7310 3246.5900 -9.3344 0 True
2020.7337 3298.4600 -7.8859 0 True
2020.7420 3351.6000 -6.4018 0 True
2020.7447 3335.4700 -6.8523 0 True
2020.7474 3363.0000 -6.0835 0 True
2020.7502 3380.8000 -5.5864 0 True
2020.7529 3348.4400 -6.4901 0 True
2020.7611 3408.6300 -4.8092 0 True
2020.7639 3360.9500 -6.1407 0 True
2020.7666 3419.4500 -4.5070 0 True
2020.7693 3446.8300 -3.7424 0 True
2020.7721 3477.1300 -2.8962 0 True
2020.7803 3534.2200 -1.3019 0 True
2020.7830 3511.9300 -1.9244 0 True
2020.7858 3488.6700 -2.5740 0 True
2020.7885 3483.3400 -2.7228 0 True
2020.7912 3483.8100 -2.7097 0 True
2020.7995 3426.9200 -4.2984 0 True
2020.8022 3443.1200 -3.8460 0 True
2020.8049 3435.5600 -4.0571 0 True
2020.8077 3453.4900 -3.5564 0 True
2020.8104 3465.3900 -3.2241 0 True
2020.8186 3400.9700 -5.0231 0 True
2020.8214 3390.6800 -5.3105 0 True
2020.8241 3271.0300 -8.6519 0 True
2020.8268 3310.1100 -7.5605 0 True
2020.8296 3269.9600 -8.6818 0 True
2020.8378 3310.2400 -7.5569 0 True
2020.8405 3369.1600 -5.9115 0 True
2020.8433 3443.4400 -3.8371 0 True
2020.8460 3510.4500 -1.9657 0 True
2020.8487 3509.4400 -1.9939 0 True
2020.8569 3550.5000 -0.8473 0 True
2020.8597 3545.5300 -0.9861 0 True
2020.8624 3572.6600 -0.2284 0 True
2020.8652 3537.0100 -1.2240 0 True
2020.8679 3585.1500 0.0000 0 True
2020.8761 3626.9100 0.0000 0 True
2020.8789 3609.5300 -0.4792 0 True
2020.8816 3567.7900 -1.6300 0 True
2020.8843 3581.8700 -1.2418 0 True
2020.8871 3557.5400 -1.9126 0 True
2020.8953 3577.5900 -1.3598 0 True
2020.8980 3635.4100 0.0000 0 True
2020.9008 3629.6500 -0.1584 0 True
2020.9035 3629.6500 -0.1584 0 True
2020.9062 3638.3500 0.0000 0 True
2020.9144 3621.6300 -0.4595 0 True
2020.9172 3662.4500 0.0000 0 True
2020.9199 3669.0100 0.0000 0 True
2020.9227 3666.7200 -0.0624 0 True
2020.9254 3699.1200 0.0000 0 True
2020.9336 3691.9600 -0.1936 0 True
2020.9363 3702.2500 0.0000 0 True
2020.9391 3672.8200 -0.7949 0 True
2020.9418 3668.1000 -0.9224 0 True
2020.9446 3663.4600 -1.0477 0 True
2020.9528 3647.4900 -1.4791 0 True
2020.9555 3694.6200 -0.2061 0 True
2020.9582 3701.1700 -0.0292 0 True
2020.9610 3722.4800 0.0000 0 True
2020.9637 3709.4100 -0.3511 0 True
2020.9719 3694.9200 -0.7404 0 True
2020.9747 3687.2600 -0.9461 0 True
2020.9774 3690.0100 -0.8723 0 True
2020.9802 3703.0600 -0.5217 0 True
2020.9829 3703.0600 -0.5217 0 True
2020.9911 3735.3600 0.0000 0 True
2020.9938 3727.0400 -0.2227 0 True
2020.9966 3732.0400 -0.0889 0 True
2020.9993 3756.0700 0.0000 0 True
2021.0000 3756.0700 0.0000 0 True
2021.0082 3700.6500 -1.4755 0 True
2021.0110 3726.8600 -0.7777 0 True
2021.0137 3748.1400 -0.2111 0 True
2021.0164 3803.7900 0.0000 0 True
2021.0192 3824.6800 0.0000 0 True
2021.0274 3799.6100 -0.6555 0 True
2021.0301 3801.1900 -0.6142 0 True
2021.0329 3809.8400 -0.3880 0 True
2021.0356 3795.5400 -0.7619 0 True
2021.0383 3768.2500 -1.4754 0 True
2021.0465 3768.2500 -1.4754 0 True
2021.0493 3798.9100 -0.6738 0 True
2021.0520 3851.8500 0.0000 0 True
2021.0548 3853.0700 0.0000 0 True
2021.0575 3841.4700 -0.3011 0 True
2021.0657 3855.3600 0.0000 0 True
2021.0684 3849.6200 -0.1489 0 True
2021.0712 3750.7700 -2.7128 0 True
2021.0739 3787.3800 -1.7633 0 True
2021.0767 3714.2400 -3.6604 0 True
2021.0849 3773.8600 -2.1139 0 True
2021.0876 3826.3100 -0.7535 0 True
2021.0903 3830.1700 -0.6534 0 True
2021.0931 3871.7400 0.0000 0 True
2021.0958 3886.8300 0.0000 0 True
2021.1040 3915.5900 0.0000 0 True
2021.1068 3911.2300 -0.1113 0 True
2021.1095 3909.8800 -0.1458 0 True
2021.1123 3916.3800 0.0000 0 True
2021.1150 3934.8300 0.0000 0 True
2021.1232 3934.8300 0.0000 0 True
2021.1259 3932.5900 -0.0569 0 False
2021.1287 3931.3300 -0.0889 0 False
2021.1314 3913.9700 -0.5301 0 False
2021.1342 3906.7100 -0.7146 0 False
2021.1424 3876.5000 -1.4824 0 False
2021.1451 3881.3700 -1.3586 0 False
2021.1478 3925.4300 -0.2389 0 False
2021.1506 3829.3400 -2.6809 0 False
2021.1533 3811.1500 -3.1432 0 False
2021.1615 3901.8200 -0.8389 0 False
2021.1643 3870.2900 -1.6402 0 False
2021.1670 3819.7200 -2.9254 0 False
2021.1697 3768.4700 -4.2279 0 False
2021.1725 3841.9400 -2.3607 0 False
2021.1807 3821.3500 -2.8840 0 False
2021.1834 3875.4400 -1.5093 0 False
2021.1862 3898.8100 -0.9154 0 False
2021.1889 3939.3400 0.0000 0 False
2021.1916 3943.3400 0.0000 0 False
2021.1999 3968.9400 0.0000 0 False
2021.2026 3962.7100 -0.1570 0 False
2021.2053 3974.1200 0.0000 0 False
2021.2081 3915.4600 -1.4761 0 False
2021.2108 3913.1000 -1.5354 0 False
2021.2190 3940.5900 -0.8437 0 False
2021.2218 3910.5200 -1.6004 0 False
2021.2245 3889.1400 -2.1383 0 False
2021.2272 3909.5200 -1.6255 0 False
2021.2300 3974.5400 0.0000 0 False
2021.2382 3971.0900 -0.0868 0 False
2021.2409 3958.5500 -0.4023 0 False
2021.2437 3972.8900 -0.0415 0 False
2021.2464 4019.8700 0.0000 0 False
2021.2491 4019.8700 0.0000 0 False
2021.2574 4077.9100 0.0000 0 False
2021.2601 4073.9400 -0.0974 0 False
2021.2628 4079.9500 0.0000 0 False
2021.2656 4097.1700 0.0000 0 False
2021.2683 4128.8000 0.0000 0 False
2021.2765 4127.9900 -0.0196 0 False
2021.2793 4141.5900 0.0000 0 False
2021.2820 4124.6600 -0.4088 0 False
2021.2847 4170.4200 0.0000 0 False
2021.2875 4185.4700 0.0000 0 False
2021.2957 4163.2600 -0.5306 0 False
2021.2984 4134.9400 -1.2073 0 False
2021.3012 4173.4200 -0.2879 0 False
2021.3039 4134.9800 -1.2063 0 False
2021.3066 4180.1700 -0.1266 0 False
2021.3149 4187.6200 0.0000 0 False
2021.3176 4186.7200 -0.0215 0 False
2021.3203 4183.1800 -0.1060 0 False
2021.3231 4211.4700 0.0000 0 False
2021.3258 4181.1700 -0.7195 0 False
2021.3340 4192.6600 -0.4466 0 False
2021.3368 4164.6600 -1.1115 0 False
2021.3395 4167.5900 -1.0419 0 False
2021.3422 4201.6200 -0.2339 0 False
2021.3450 4232.6000 0.0000 0 False
2021.3532 4188.4300 -1.0436 0 False
2021.3559 4152.1000 -1.9019 0 False
2021.3587 4063.0400 -4.0060 0 False
2021.3614 4112.5000 -2.8375 0 False
2021.3641 4173.8500 -1.3880 0 False
2021.3723 4163.2900 -1.6375 0 False
2021.3751 4127.8300 -2.4753 0 False
2021.3778 4115.6800 -2.7624 0 False
2021.3806 4159.1200 -1.7360 0 False
2021.3833 4155.8600 -1.8131 0 False
2021.3915 4197.0500 -0.8399 0 False
2021.3943 4188.1300 -1.0507 0 False
2021.3970 4195.9900 -0.8650 0 False
2021.3997 4200.8800 -0.7494 0 False
2021.4025 4204.1100 -0.6731 0 False
2021.4107 4204.1100 -0.6731 0 False
2021.4134 4202.0400 -0.7220 0 False
2021.4162 4208.1200 -0.5784 0 False
2021.4189 4192.8500 -0.9391 0 False
2021.4216 4229.8900 -0.0640 0 False
2021.4298 4226.5200 -0.1436 0 False
2021.4326 4227.2600 -0.1262 0 False
2021.4353 4219.5500 -0.3083 0 False
2021.4381 4239.1800 0.0000 0 False
2021.4408 4247.4400 0.0000 0 False
2021.4490 4255.1500 0.0000 0 False
2021.4517 4246.5900 -0.2012 0 False
2021.4545 4223.7000 -0.7391 0 False
2021.4572 4221.8600 -0.7823 0 False
2021.4600 4166.4500 -2.0845 0 False
2021.4682 4224.7900 -0.7135 0 False
2021.4709 4246.4400 -0.2047 0 False
2021.4736 4241.8400 -0.3128 0 False
2021.4764 4266.4900 0.0000 0 False
2021.4791 4280.7000 0.0000 0 False
2021.4873 4290.6100 0.0000 0 False
2021.4901 4291.8000 0.0000 0 False
2021.4928 4297.5000 0.0000 0 False
2021.4956 4319.9400 0.0000 0 False
2021.4983 4352.3400 0.0000 0 False
2021.5065 4352.3400 0.0000 0 False
2021.5092 4343.5400 -0.2022 0 False
2021.5120 4358.1300 0.0000 0 False
2021.5147 4320.8200 -0.8561 0 False
2021.5175 4369.5500 0.0000 0 False
2021.5257 4384.6300 0.0000 0 False
2021.5284 4369.2100 -0.3517 0 False
2021.5311 4374.3000 -0.2356 0 False
2021.5339 4360.0300 -0.5611 0 False
2021.5366 4327.1600 -1.3107 0 False
2021.5448 4258.4900 -2.8769 0 False
2021.5476 4323.0600 -1.4042 0 False
2021.5503 4358.6900 -0.5916 0 False
2021.5530 4367.4800 -0.3911 0 False
2021.5558 4411.7900 0.0000 0 False
2021.5640 4422.3000 0.0000 0 False
2021.5667 4401.4600 -0.4712 0 False
2021.5695 4400.6400 -0.4898 0 False
2021.5722 4419.1500 -0.0712 0 False
2021.5749 4395.2600 -0.6114 0 False
2021.5832 4387.1600 -0.7946 0 False
2021.5859 4423.1500 0.0000 0 False
2021.5886 4402.6600 -0.4632 0 False
2021.5914 4429.1000 0.0000 0 False
2021.5941 4436.5200 0.0000 0 False
2021.6023 4432.3500 -0.0940 0 False
2021.6051 4436.7500 0.0000 0 False
2021.6078 4447.7000 0.0000 0 False
2021.6105 4460.8300 0.0000 0 False
2021.6133 4468.0000 0.0000 0 False
2021.6215 4479.7100 0.0000 0 False
2021.6242 4448.0800 -0.7061 0 False
2021.6270 4400.2700 -1.7733 0 False
2021.6297 4405.8000 -1.6499 0 False
2021.6324 4441.6700 -0.8492 0 False
2021.6407 4479.5300 -0.0040 0 False
2021.6434 4486.2300 0.0000 0 False
2021.6461 4496.1900 0.0000 0 False
2021.6489 4470.0000 -0.5825 0 False
2021.6516 4509.3700 0.0000 0 False
2021.6598 4528.7900 0.0000 0 False
2021.6626 4522.6800 -0.1349 0 False
2021.6653 4524.0900 -0.1038 0 False
2021.6680 4536.9500 0.0000 0 False
2021.6708 4535.4300 -0.0335 0 False
2021.6790 4535.4300 -0.0335 0 False
2021.6817 4520.0300 -0.3729 0 False
2021.6845 4514.0700 -0.5043 0 False
2021.6872 4493.2800 -0.9625 0 False
2021.6899 4458.5800 -1.7274 0 False
2021.6982 4468.7300 -1.5037 0 False
2021.7009 4443.0500 -2.0697 0 False
2021.7036 4480.7000 -1.2398 0 False
2021.7064 4473.7500 -1.3930 0 False
2021.7091 4432.9900 -2.2914 0 False
2021.7173 4357.7300 -3.9502 0 False
2021.7201 4354.1900 -4.0283 0 False
2021.7228 4395.6400 -3.1146 0 False
2021.7255 4448.9800 -1.9390 0 False
2021.7283 4455.4800 -1.7957 0 False
2021.7365 4443.1100 -2.0683 0 False
2021.7392 4352.6300 -4.0626 0 False
2021.7420 4359.4600 -3.9121 0 False
2021.7447 4307.5400 -5.0565 0 False
2021.7474 4357.0400 -3.9654 0 False
2021.7556 4300.4600 -5.2125 0 False
2021.7584 4345.7200 -4.2149 0 False
2021.7611 4363.5500 -3.8220 0 False
2021.7639 4399.7600 -3.0238 0 False
2021.7666 4391.3400 -3.2094 0 False
2021.7748 4361.1900 -3.8740 0 False
2021.7775 4350.6500 -4.1063 0 False
2021.7803 4363.8000 -3.8164 0 False
2021.7830 4438.2600 -2.1752 0 False
2021.7858 4471.3700 -1.4455 0 False
2021.7940 4486.4600 -1.1129 0 False
2021.7967 4519.6300 -0.3818 0 False
2021.7995 4536.1900 -0.0168 0 False
2021.8022 4549.7800 0.0000 0 False
2021.8049 4544.9000 -0.1073 0 False
2021.8131 4566.4800 0.0000 0 False
2021.8159 4574.7900 0.0000 0 False
2021.8186 4551.6800 -0.5052 0 False
2021.8214 4596.4200 0.0000 0 False
2021.8241 4605.3800 0.0000 0 False
2021.8323 4613.6700 0.0000 0 False
2021.8350 4630.6500 0.0000 0 False
2021.8378 4660.5700 0.0000 0 False
2021.8405 4680.0600 0.0000 0 False
2021.8433 4697.5300 0.0000 0 False
2021.8515 4701.7000 0.0000 0 False
2021.8542 4685.2500 -0.3499 0 False
2021.8569 4646.7100 -1.1696 0 False
2021.8597 4649.2700 -1.1151 0 False
2021.8624 4682.8500 -0.4009 0 False
2021.8706 4682.8000 -0.4020 0 False
2021.8734 4700.9000 -0.0170 0 False
2021.8761 4688.6700 -0.2771 0 False
2021.8789 4704.5400 0.0000 0 False
2021.8816 4697.9600 -0.1399 0 False
2021.8898 4682.9400 -0.4591 0 False
2021.8925 4690.7000 -0.2942 0 False
2021.8953 4701.4600 -0.0655 0 False
2021.8980 4701.4600 -0.0655 1 False
2021.9008 4594.6200 -2.3365 1 False
2021.9090 4655.2700 -1.0473 1 False
2021.9117 4567.0000 -2.9236 1 False
2021.9144 4513.0400 -4.0705 1 False
2021.9172 4577.1000 -2.7089 1 False
2021.9199 4538.4300 -3.5308 1 False
2021.9281 4591.6700 -2.3992 1 False
2021.9309 4686.7500 -0.3781 1 False
2021.9336 4701.2100 -0.0708 1 False
2021.9363 4667.4500 -0.7884 1 False
2021.9391 4712.0200 0.0000 1 False
2021.9473 4668.9700 -0.9136 1 False
2021.9500 4634.0900 -1.6539 1 False
2021.9528 4709.8500 -0.0461 1 False
2021.9555 4668.6700 -0.9200 1 False
2021.9582 4620.6400 -1.9393 1 False
2021.9665 4568.0200 -3.0560 1 False
2021.9692 4649.2300 -1.3325 1 False
2021.9719 4696.5600 -0.3281 1 False
2021.9747 4725.7900 0.0000 1 False
2021.9774 4725.7900 0.0000 1 False
2021.9856 4791.1900 0.0000 1 False
2021.9884 4786.3500 -0.1010 1 False
2021.9911 4793.0600 0.0000 1 False
2021.9938 4778.7300 -0.2990 1 False
2021.9966 4766.1800 -0.5608 1 False
2022.0055 4796.5600 0.0000 1 False
2022.0082 4793.5400 -0.0630 1 False
2022.0110 4700.5800 -2.0010 1 False
2022.0137 4696.0500 -2.0955 1 False
2022.0164 4677.0300 -2.4920 1 False
2022.0246 4670.2900 -2.6325 1 False
2022.0274 4713.0700 -1.7406 1 False
2022.0301 4726.3500 -1.4638 1 False
2022.0329 4659.0300 -2.8673 1 False
2022.0356 4662.8500 -2.7876 1 False
2022.0438 4662.8500 -2.7876 1 False
2022.0465 4577.1100 -4.5752 1 False
2022.0493 4532.7600 -5.4998 1 False
2022.0520 4482.7300 -6.5428 1 False
2022.0548 4397.9400 -8.3105 1 False
2022.0630 4410.1300 -8.0564 1 False
2022.0657 4356.4500 -9.1755 1 False
2022.0684 4349.9300 -9.3115 1 False
2022.0712 4326.5100 -9.7997 1 False
2022.0739 4431.8500 -7.6036 1 False
2022.0821 4515.5500 -5.8586 1 False
2022.0849 4546.5400 -5.2125 1 False
2022.0876 4589.3800 -4.3193 1 False
2022.0903 4477.4400 -6.6531 1 False
2022.0931 4500.5300 -6.1717 1 False
2022.1013 4483.8700 -6.5190 1 False
2022.1040 4521.5400 -5.7337 1 False
2022.1068 4587.1800 -4.3652 1 False
2022.1095 4504.0800 -6.0977 1 False
2022.1123 4418.6400 -7.8790 1 False
2022.1205 4401.6700 -8.2328 1 False
2022.1232 4471.0700 -6.7859 1 False
2022.1259 4475.0100 -6.7038 1 False
2022.1287 4380.2600 -8.6791 1 False
2022.1314 4348.8700 -9.3336 1 False
2022.1396 4348.8700 -9.3336 1 False
2022.1424 4304.7600 -10.2532 0 True
2022.1451 4225.5000 -11.9056 0 True
2022.1478 4288.7000 -10.5880 0 True
2022.1506 4384.6500 -8.5876 0 True
2022.1588 4373.9400 -8.8109 0 True
2022.1615 4306.2600 -10.2219 0 True
2022.1643 4386.5400 -8.5482 0 True
2022.1670 4363.4900 -9.0288 0 True
2022.1697 4328.8700 -9.7505 0 True
2022.1780 4201.0900 -12.4145 0 True
2022.1807 4170.7000 -13.0481 0 True
2022.1834 4277.8800 -10.8136 0 True
2022.1862 4259.5200 -11.1964 0 True
2022.1889 4204.3100 -12.3474 0 True
2022.1971 4173.1100 -12.9979 0 True
2022.1999 4262.4500 -11.1353 0 True
2022.2026 4357.8600 -9.1461 0 True
2022.2053 4411.6700 -8.0243 0 True
2022.2081 4463.1200 -6.9516 0 True
2022.2163 4461.1800 -6.9921 0 True
2022.2190 4511.6100 -5.9407 0 True
2022.2218 4456.2400 -7.0951 0 True
2022.2245 4520.1600 -5.7625 0 True
2022.2272 4543.0600 -5.2850 0 True
2022.2355 4575.5200 -4.6083 0 True
2022.2382 4631.6000 -3.4391 0 True
2022.2409 4602.4500 -4.0469 0 True
2022.2437 4530.4100 -5.5488 0 True
2022.2464 4545.8600 -5.2267 0 True
2022.2546 4582.6400 -4.4599 0 True
2022.2574 4525.1200 -5.6591 0 True
2022.2601 4481.1500 -6.5758 0 True
2022.2628 4500.2100 -6.1784 0 True
2022.2656 4488.2800 -6.4271 0 True
2022.2738 4412.5300 -8.0064 0 True
2022.2765 4397.4500 -8.3208 0 True
2022.2793 4446.5900 -7.2963 0 True
2022.2820 4392.5900 -8.4221 0 True
2022.2847 4392.5900 -8.4221 0 True
2022.2930 4391.6900 -8.4408 0 True
2022.2957 4462.2100 -6.9706 0 True
2022.2984 4459.4500 -7.0282 0 True
2022.3012 4393.6600 -8.3998 0 True
2022.3039 4271.7800 -10.9408 0 True
2022.3121 4296.1200 -10.4333 0 True
2022.3149 4175.2000 -12.9543 0 True
2022.3176 4183.9600 -12.7717 0 True
2022.3203 4287.5000 -10.6130 0 True
2022.3231 4131.9300 -13.8564 0 True
2022.3313 4155.3800 -13.3675 0 True
2022.3340 4175.4800 -12.9484 0 True
2022.3368 4300.1700 -10.3489 0 True
2022.3395 4146.8700 -13.5449 0 True
2022.3422 4123.3400 -14.0355 0 True
2022.3504 3991.2400 -16.7895 0 True
2022.3532 4001.0500 -16.5850 0 True
2022.3559 3935.1800 -17.9583 0 True
2022.3587 3930.0800 -18.0646 0 True
2022.3614 4023.8900 -16.1088 0 True
2022.3696 4008.0100 -16.4399 0 True
2022.3723 4088.8500 -14.7545 0 True
2022.3751 3923.6800 -18.1980 0 True
2022.3778 3900.7900 -18.6753 0 True
2022.3806 3901.3600 -18.6634 0 True
2022.3888 3973.7500 -17.1542 0 True
2022.3915 3941.4800 -17.8269 0 True
2022.3943 3978.7300 -17.0503 0 True
2022.3970 4057.8400 -15.4010 0 True
2022.3997 4158.2400 -13.3079 0 True
2022.4079 4158.2400 -13.3079 0 True
2022.4107 4132.1500 -13.8518 0 True
2022.4134 4101.2300 -14.4964 0 True
2022.4162 4176.8200 -12.9205 0 True
2022.4189 4108.5400 -14.3440 0 True
2022.4271 4121.4300 -14.0753 0 True
2022.4298 4160.6800 -13.2570 0 True
2022.4326 4115.7700 -14.1933 0 True
2022.4353 4017.8200 -16.2354 0 True
2022.4381 3900.8600 -18.6738 0 True
2022.4463 3749.6300 -21.8267 0 True
2022.4490 3735.4800 -22.1217 0 True
2022.4517 3789.9900 -20.9852 0 True
2022.4545 3666.7700 -23.5542 0 True
2022.4572 3674.8400 -23.3859 0 True
2022.4654 3674.8400 -23.3859 0 True
2022.4682 3764.7900 -21.5106 0 True
2022.4709 3759.8900 -21.6128 0 True
2022.4736 3795.7300 -20.8656 0 True
2022.4764 3911.7400 -18.4470 0 True
2022.4846 3900.1100 -18.6894 0 True
2022.4873 3821.5500 -20.3273 0 True
2022.4901 3818.8300 -20.3840 0 True
2022.4928 3785.3800 -21.0814 0 True
2022.4956 3825.3300 -20.2485 0 True
2022.5038 3825.3300 -20.2485 0 True
2022.5065 3831.3900 -20.1221 0 True
2022.5092 3845.0800 -19.8367 0 True
2022.5120 3902.6200 -18.6371 0 True
2022.5147 3899.3800 -18.7047 0 True
2022.5229 3854.4300 -19.6418 0 True
2022.5257 3818.8000 -20.3846 0 True
2022.5284 3801.7800 -20.7394 0 True
2022.5311 3790.3800 -20.9771 0 True
2022.5339 3863.1600 -19.4598 0 True
2022.5421 3830.8500 -20.1334 0 True
2022.5448 3936.6900 -17.9268 0 True
2022.5476 3959.9000 -17.4429 0 True
2022.5503 3998.9500 -16.6288 0 True
2022.5530 3961.6300 -17.4068 0 True
2022.5613 3966.8400 -17.2982 0 True
2022.5640 3921.0500 -18.2529 0 True
2022.5667 4023.6100 -16.1147 0 True
2022.5695 4072.4300 -15.0969 0 True
2022.5722 4130.2900 -13.8906 0 True
2022.5804 4118.6300 -14.1337 0 True
2022.5832 4091.1900 -14.7057 0 True
2022.5859 4155.1700 -13.3719 0 True
2022.5886 4151.9400 -13.4392 0 True
2022.5914 4145.1900 -13.5799 0 True
2022.5996 4140.0600 -13.6869 0 True
2022.6023 4122.4700 -14.0536 0 True
2022.6051 4210.2400 -12.2238 0 True
2022.6078 4207.2700 -12.2857 0 True
2022.6105 4280.1500 -10.7663 0 True
2022.6188 4297.1400 -10.4120 0 True
2022.6215 4305.2000 -10.2440 0 True
2022.6242 4274.0400 -10.8936 0 True
2022.6270 4283.7400 -10.6914 0 True
2022.6297 4228.4800 -11.8435 0 True
2022.6379 4137.9900 -13.7300 0 True
2022.6407 4128.7300 -13.9231 0 True
2022.6434 4140.7700 -13.6721 0 True
2022.6461 4199.1200 -12.4556 0 True
2022.6489 4057.6600 -15.4048 0 True
2022.6571 4030.6100 -15.9687 0 True
2022.6598 3986.1600 -16.8954 0 True
2022.6626 3955.0000 -17.5451 0 True
2022.6653 3966.8500 -17.2980 0 True
2022.6680 3924.2600 -18.1859 0 True
2022.6762 3924.2600 -18.1859 0 True
2022.6790 3908.1900 -18.5210 0 True
2022.6817 3979.8700 -17.0266 0 True
2022.6845 4006.1800 -16.4781 0 True
2022.6872 4067.3600 -15.2026 0 True
2022.6954 4110.4100 -14.3050 0 True
2022.6982 3932.6900 -18.0102 0 True
2022.7009 3946.0100 -17.7325 0 True
2022.7036 3901.3500 -18.6636 0 True
2022.7064 3873.3300 -19.2478 0 True
2022.7146 3899.8900 -18.6940 0 True
2022.7173 3855.9300 -19.6105 0 True
2022.7201 3789.9300 -20.9865 0 True
2022.7228 3757.9900 -21.6524 0 True
2022.7255 3693.2300 -23.0025 0 True
2022.7337 3655.0400 -23.7987 0 True
2022.7365 3647.2900 -23.9603 0 True
2022.7392 3719.0400 -22.4644 0 True
2022.7420 3640.4700 -24.1025 0 True
2022.7447 3585.6200 -25.2460 0 True
2022.7529 3678.4300 -23.3111 0 True
2022.7556 3790.9300 -20.9657 0 True
2022.7584 3783.2800 -21.1251 0 True
2022.7611 3744.5200 -21.9332 0 True
2022.7639 3639.6600 -24.1194 0 True
2022.7721 3612.3900 -24.6879 0 True
2022.7748 3588.8400 -25.1789 0 True
2022.7775 3577.0300 -25.4251 0 True
2022.7803 3669.9100 -23.4887 0 True
2022.7830 3583.0700 -25.2992 0 True
2022.7912 3677.9500 -23.3211 0 True
2022.7940 3719.9800 -22.4448 0 True
2022.7967 3695.1600 -22.9623 0 True
2022.7995 3665.7800 -23.5748 0 True
2022.8022 3752.7500 -21.7616 0 True
2022.8104 3797.3400 -20.8320 0 True
2022.8131 3859.1100 -19.5442 0 True
2022.8159 3830.6000 -20.1386 0 True
2022.8186 3807.3000 -20.6244 0 True
2022.8214 3901.0600 -18.6696 0 True
2022.8296 3871.9800 -19.2759 0 True
2022.8323 3856.1000 -19.6070 0 True
2022.8350 3759.6900 -21.6170 0 True
2022.8378 3719.8900 -22.4467 0 True
2022.8405 3770.5500 -21.3905 0 True
2022.8487 3806.8000 -20.6348 0 True
2022.8515 3828.1100 -20.1905 0 True
2022.8542 3748.5700 -21.8488 0 True
2022.8569 3956.3700 -17.5165 0 True
2022.8597 3992.9300 -16.7543 0 True
2022.8679 3957.2500 -17.4982 0 True
2022.8706 3991.7300 -16.7793 0 True
2022.8734 3958.7900 -17.4661 0 True
2022.8761 3946.5600 -17.7210 0 True
2022.8789 3965.3400 -17.3295 0 True
2022.8871 3949.9400 -17.6506 0 True
2022.8898 4003.5800 -16.5323 0 True
2022.8925 4027.2600 -16.0386 0 True
2022.8953 4027.2600 -16.0386 0 True
2022.8980 4026.1200 -16.0623 0 True
2022.9062 3963.9400 -17.3587 0 True
2022.9090 3957.6300 -17.4902 0 True
2022.9117 4080.1100 -14.9367 0 True
2022.9144 4076.5700 -15.0105 0 True
2022.9172 4071.7000 -15.1121 0 True
2022.9254 3998.8400 -16.6311 0 True
2022.9281 3941.2600 -17.8315 0 True
2022.9309 3933.9200 -17.9846 0 True
2022.9336 3963.5100 -17.3677 0 True
2022.9363 3934.3800 -17.9750 0 True
2022.9446 3990.5600 -16.8037 0 True
2022.9473 4019.6500 -16.1972 0 True
2022.9500 3995.3200 -16.7045 0 True
2022.9528 3895.7500 -18.7803 0 True
2022.9555 3852.3600 -19.6849 0 True
2022.9637 3817.6600 -20.4084 0 True
2022.9665 3821.6200 -20.3258 0 True
2022.9692 3878.4400 -19.0903 0 True
2022.9719 3822.3900 -19.1260 0 True
2022.9747 3844.8200 -18.6514 0 True
2022.9829 3844.8200 -18.6514 0 True
2022.9856 3829.2500 -18.9808 0 True
2022.9884 3783.2200 -19.9547 0 True
2022.9911 3849.2800 -18.5570 0 True
2022.9938 3839.5000 -17.6577 0 True
2023.0027 3839.5000 -17.6577 0 True
2023.0055 3824.1400 -17.9871 0 True
2023.0082 3852.9700 -16.8113 0 True
2023.0110 3808.1000 -17.7800 0 True
2023.0137 3895.0800 -15.9021 0 True
2023.0219 3892.0900 -15.9666 0 True
2023.0246 3919.2500 -15.3802 0 True
2023.0274 3969.6100 -14.2929 0 True
2023.0301 3983.1700 -14.0001 0 True
2023.0329 3999.0900 -13.6564 0 True
2023.0411 3999.0900 -13.6564 0 True
2023.0438 3990.9700 -13.8317 0 True
2023.0465 3928.8600 -15.1727 0 True
2023.0493 3898.8500 -15.8207 0 True
2023.0520 3972.6100 -14.2281 0 True
2023.0602 4019.8100 -13.2090 0 True
2023.0630 4016.9500 -13.2708 0 True
2023.0657 4016.2200 -13.2866 0 True
2023.0684 4060.4300 -12.3320 0 True
2023.0712 4070.5600 -12.1133 0 True
2023.0794 4017.7700 -13.2531 0 True
2023.0821 4076.6000 -11.9829 0 True
2023.0849 4119.2100 -11.0629 0 True
2023.0876 4179.7600 -9.7556 0 True
2023.0903 4136.4800 -10.6900 0 True
2023.0986 4111.0800 -11.2384 0 True
2023.1013 4164.0000 -10.0959 0 True
2023.1040 4117.8600 -11.0921 0 True
2023.1068 4081.5000 -11.8771 0 True
2023.1095 4090.4600 -11.6837 0 True
2023.1177 4137.2900 -10.6726 0 True
2023.1205 4136.1300 -10.6976 0 True
2023.1232 4147.6000 -10.4500 0 True
2023.1259 4090.4100 -11.6847 0 True
2023.1287 4079.0900 -11.9291 0 True
2023.1369 4079.0900 -11.9291 0 True
2023.1396 3997.3400 -13.6942 0 True
2023.1424 3991.0500 -13.8300 0 True
2023.1451 4012.3200 -13.3708 0 True
2023.1478 3970.0400 -14.2836 0 True
2023.1561 3982.2400 -14.0202 0 True
2023.1588 3970.1500 -14.2812 0 True
2023.1615 3951.3900 -14.6863 0 True
2023.1643 3981.3500 -14.0394 0 True
2023.1670 4045.6400 -12.6514 0 True
2023.1752 4048.4200 -12.5913 0 True
2023.1780 3986.3700 -13.9310 0 True
2023.1807 3992.0100 -13.8093 0 True
2023.1834 3918.3200 -15.4003 0 True
2023.1862 3861.5900 -16.6251 0 True
2023.1944 3855.7600 -16.7510 0 True
2023.1971 3919.2900 -15.3794 0 True
2023.1999 3891.9300 -15.9701 0 True
2023.2026 3960.2800 -13.9528 0 True
2023.2053 3916.6400 -14.5331 0 True
2023.2136 3951.5700 -13.7709 0 True
2023.2163 4002.8700 -12.6514 0 True
2023.2190 3936.9700 -12.9974 0 True
2023.2218 3948.7200 -12.2548 0 True
2023.2245 3970.9900 -11.7599 0 True
2023.2327 3977.5300 -11.3796 0 True
2023.2355 3971.2700 -11.0022 0 True
2023.2382 4027.8100 -9.7351 0 True
2023.2409 4050.8300 -9.2192 0 True
2023.2437 4109.3100 -7.9086 0 True
2023.2519 4124.5100 -7.5680 0 True
2023.2546 4100.6000 -8.1038 0 True
2023.2574 4090.3800 -8.3329 0 True
2023.2601 4105.0200 -7.9478 0 True
2023.2628 4105.0200 -6.5695 0 True
2023.2710 4109.1100 -4.5547 0 True
2023.2738 4108.9400 -4.5587 0 True
2023.2765 4091.9500 -4.9533 0 True
2023.2793 4146.2200 -3.6927 0 True
2023.2820 4137.6400 -3.8920 0 True
2023.2902 4151.3200 -3.5743 0 True
2023.2930 4154.8700 -3.4918 0 True
2023.2957 4154.5200 -3.5000 0 True
2023.2984 4129.7900 -4.0744 0 True
2023.3012 4133.5200 -3.9877 0 True
2023.3094 4137.0400 -3.9060 0 True
2023.3121 4071.6300 -5.4253 0 True
2023.3149 4055.9900 -5.7886 0 True
2023.3176 4135.3500 -3.9452 0 True
2023.3203 4169.4800 -3.1525 0 True
2023.3285 4167.8700 -3.1899 0 True
2023.3313 4119.5800 -4.3115 0 True
2023.3340 4090.7500 -4.9812 0 True
2023.3368 4061.2200 -5.6671 0 True
2023.3395 4136.2500 -3.9243 0 True
2023.3477 4138.1200 -3.8809 0 True
2023.3504 4119.1700 -4.3211 0 True
2023.3532 4137.6400 -3.8920 0 True
2023.3559 4130.6200 -4.0551 0 True
2023.3587 4124.0800 -4.2070 0 True
2023.3669 4136.2800 -3.9236 0 True
2023.3696 4109.9000 -4.5364 0 True
2023.3723 4158.7700 -3.4012 0 True
2023.3751 4198.0500 -2.4889 0 True
2023.3778 4191.9800 -2.6298 0 True
2023.3860 4192.6300 -2.6147 0 True
2023.3888 4145.5800 -3.7076 0 True
2023.3915 4115.2400 -4.4123 0 True
2023.3943 4151.2800 -3.5752 0 True
2023.3970 4205.4500 -2.3170 0 True
2023.4052 4205.4500 -2.3170 0 True
2023.4079 4205.5200 -2.3153 0 True
2023.4107 4179.8300 -2.9121 0 True
2023.4134 4221.0200 -1.9553 0 True
2023.4162 4282.3700 -0.5303 0 True
2023.4244 4273.7900 -0.7296 0 True
2023.4271 4283.8500 -0.4959 0 True
2023.4298 4267.5200 -0.8752 0 True
2023.4326 4293.9300 -0.2618 0 True
2023.4353 4298.8600 -0.1473 0 True
2023.4435 4338.9300 0.0000 0 True
2023.4463 4369.0100 0.0000 0 True
2023.4490 4372.5900 0.0000 0 True
2023.4517 4425.8400 0.0000 0 True
2023.4545 4409.5900 -0.3672 0 True
2023.4627 4409.5900 -0.3672 0 True
2023.4654 4388.7100 -0.8389 0 True
2023.4682 4365.6900 -1.3591 0 True
2023.4709 4381.8900 -0.9930 0 True
2023.4736 4348.3300 -1.7513 0 True
2023.4819 4328.8200 -2.1921 0 True
2023.4846 4378.4100 -1.0717 0 True
2023.4873 4376.8600 -1.1067 0 True
2023.4901 4396.4400 -0.6643 0 True
2023.4928 4450.3800 0.0000 0 True
2023.5010 4455.5900 0.0000 0 True
2023.5038 4455.5900 0.0000 0 True
2023.5065 4446.8200 -0.1968 0 True
2023.5092 4411.5900 -0.9875 0 True
2023.5120 4398.9500 -1.2712 0 True
2023.5202 4409.5300 -1.0338 0 True
2023.5229 4439.2600 -0.3665 0 True
2023.5257 4472.1600 0.0000 0 True
2023.5284 4510.0400 0.0000 0 True
2023.5311 4505.4200 -0.1024 0 True
2023.5394 4522.7900 0.0000 0 True
2023.5421 4554.9800 0.0000 0 True
2023.5448 4565.7200 0.0000 0 True
2023.5476 4534.8700 -0.6757 0 True
2023.5503 4536.3400 -0.6435 0 True
2023.5585 4554.6400 -0.2427 0 True
2023.5613 4567.4600 0.0000 0 True
2023.5640 4566.7500 -0.0155 0 True
2023.5667 4537.4100 -0.6579 0 True
2023.5695 4582.2300 0.0000 0 True
2023.5777 4588.9600 0.0000 0 True
2023.5804 4576.7300 -0.2665 0 True
2023.5832 4513.3900 -1.6468 0 True
2023.5859 4501.8900 -1.8974 0 True
2023.5886 4478.0300 -2.4173 0 True
2023.5969 4518.4400 -1.5367 0 True
2023.5996 4499.3800 -1.9521 0 True
2023.6023 4467.7100 -2.6422 0 True
2023.6051 4468.8300 -2.6178 0 True
2023.6078 4464.0500 -2.7220 0 True
2023.6160 4489.7200 -2.1626 0 True
2023.6188 4437.8600 -3.2927 0 True
2023.6215 4404.3300 -4.0234 0 True
2023.6242 4370.3600 -4.7636 0 True
2023.6270 4369.7100 -4.7778 0 True
2023.6352 4399.7700 -4.1227 0 True
2023.6379 4387.5500 -4.3890 0 True
2023.6407 4436.0100 -3.3330 0 True
2023.6434 4376.3100 -4.6339 0 True
2023.6461 4405.7100 -3.9933 0 True
2023.6543 4433.3100 -3.3918 0 True
2023.6571 4497.6300 -1.9902 0 True
2023.6598 4514.8700 -1.6145 0 True
2023.6626 4507.6600 -1.7716 1 False
2023.6653 4515.7700 -1.5949 1 False
2023.6735 4515.7700 -1.5949 1 False
2023.6762 4496.8300 -2.0076 1 False
2023.6790 4465.4800 -2.6908 1 False
2023.6817 4451.1400 -3.0033 1 False
2023.6845 4457.4900 -2.8649 1 False
2023.6927 4487.4600 -2.2118 1 False
2023.6954 4461.9000 -2.7688 1 False
2023.6982 4467.4400 -2.6481 1 False
2023.7009 4505.1000 -1.8274 1 False
2023.7036 4450.3200 -3.0212 1 False
2023.7118 4453.5300 -2.9512 1 False
2023.7146 4443.9500 -3.1600 1 False
2023.7173 4402.2000 -4.0698 1 False
2023.7201 4330.0000 -5.6431 1 False
2023.7228 4320.0600 -5.8597 1 False
2023.7310 4337.4400 -5.4810 1 False
2023.7337 4273.5300 -6.8737 1 False
2023.7365 4274.5100 -6.8523 1 False
2023.7392 4299.7000 -6.3034 1 False
2023.7420 4288.0500 -6.5573 1 False
2023.7502 4288.3900 -6.5499 1 False
2023.7529 4229.4500 -7.8342 1 False
2023.7556 4263.7500 -7.0868 1 False
2023.7584 4258.1900 -7.2080 1 False
2023.7611 4308.5000 -6.1116 1 False
2023.7693 4335.6600 -5.5198 1 False
2023.7721 4358.2400 -5.0277 1 False
2023.7748 4376.9500 -4.6200 1 False
2023.7775 4349.6100 -5.2158 1 False
2023.7803 4327.7800 -5.6915 1 False
2023.7885 4373.6300 -4.6923 1 False
2023.7912 4373.2000 -4.7017 1 False
2023.7940 4314.6000 -5.9787 1 False
2023.7967 4278.0000 -6.7763 1 False
2023.7995 4224.1600 -7.9495 1 False
2023.8077 4217.0400 -8.1047 1 False
2023.8104 4247.6800 -7.4370 1 False
2023.8131 4186.7700 -8.7643 1 False
2023.8159 4137.2300 -9.8438 1 False
2023.8186 4117.3700 -10.2766 0 True
2023.8268 4166.8200 -9.1990 0 True
2023.8296 4193.8000 -8.6111 0 True
2023.8323 4237.8600 -7.6510 0 True
2023.8350 4317.7800 -5.9094 0 True
2023.8378 4358.3400 -5.0255 0 True
2023.8460 4365.9800 -4.8591 0 True
2023.8487 4378.3800 -4.5888 0 True
2023.8515 4382.7800 -4.4930 0 True
2023.8542 4347.3500 -5.2650 0 True
2023.8569 4415.2400 -3.7856 0 True
2023.8652 4411.5500 -3.8660 0 True
2023.8679 4495.7000 -2.0323 0 True
2023.8706 4502.8800 -1.8758 0 True
2023.8734 4508.2400 -1.7590 0 True
2023.8761 4514.0200 -1.6330 0 True
2023.8843 4547.3800 -0.9061 0 True
2023.8871 4538.1900 -1.1064 0 True
2023.8898 4556.6200 -0.7047 0 True
2023.8925 4556.6200 -0.7047 0 True
2023.8953 4559.3400 -0.6455 0 True
2023.9035 4550.4300 -0.8396 0 True
2023.9062 4554.8900 -0.7424 0 True
2023.9090 4550.5800 -0.8364 0 True
2023.9117 4567.8000 -0.4611 0 True
2023.9144 4594.6300 0.0000 0 True
2023.9227 4569.7800 -0.5408 0 True
2023.9254 4567.1800 -0.5974 0 True
2023.9281 4549.3400 -0.9857 0 True
2023.9309 4585.5900 -0.1968 0 True
2023.9336 4604.3700 0.0000 0 True
2023.9418 4622.4400 0.0000 0 True
2023.9446 4643.7000 0.0000 0 True
2023.9473 4707.0900 0.0000 0 True
2023.9500 4719.5500 0.0000 0 True
2023.9528 4719.1900 -0.0076 0 True
2023.9610 4740.5600 0.0000 0 True
2023.9637 4768.3700 0.0000 0 True
2023.9665 4698.3500 -1.4684 0 True
2023.9692 4746.7500 -0.4534 0 True
2023.9719 4754.6300 -0.2881 0 True
2023.9802 4754.6300 -0.2881 0 True
2023.9829 4774.7500 0.0000 0 True
2023.9856 4781.5800 0.0000 0 True
2023.9884 4783.3500 0.0000 0 True
2023.9911 4769.8300 -0.2826 0 True
2024.0000 4769.8300 -0.2826 0 True
2024.0027 4742.8300 -0.8471 0 True
2024.0055 4704.8100 -1.6419 0 True
2024.0082 4688.6800 -1.9792 0 True
2024.0110 4697.2400 -1.8002 0 True
2024.0192 4763.5400 -0.4141 0 True
2024.0219 4756.5000 -0.5613 0 True
2024.0246 4783.4500 0.0000 0 True
2024.0274 4780.2400 -0.0671 0 True
2024.0301 4783.8300 0.0000 0 True
2024.0383 4783.8300 0.0000 0 True
2024.0411 4765.9800 -0.3731 0 True
2024.0438 4739.2100 -0.9327 0 True
2024.0465 4780.9400 -0.0604 0 True
2024.0493 4839.8100 0.0000 0 True
2024.0575 4850.4300 0.0000 0 True
2024.0602 4864.6000 0.0000 0 True
2024.0630 4868.5500 0.0000 0 True
2024.0657 4894.1600 0.0000 0 True
2024.0684 4890.9700 -0.0652 0 True
2024.0767 4927.9300 0.0000 0 True
2024.0794 4924.9700 -0.0601 0 True
2024.0821 4845.6500 -1.6697 0 True
2024.0849 4906.1900 -0.4412 0 True
2024.0876 4958.6100 0.0000 0 True
2024.0958 4942.8100 -0.3186 0 True
2024.0986 4954.2300 -0.0883 0 True
2024.1013 4995.0600 0.0000 0 True
2024.1040 4997.9100 0.0000 0 True
2024.1068 5026.6100 0.0000 0 True
2024.1150 5021.8400 -0.0949 0 True
2024.1177 4953.1700 -1.4610 0 True
2024.1205 5000.6200 -0.5170 0 True
2024.1232 5029.7300 0.0000 0 True
2024.1259 5005.5700 -0.4803 0 True
2024.1342 5005.5700 -0.4803 0 True
2024.1369 4975.5100 -1.0780 0 True
2024.1396 4981.8000 -0.9529 0 True
2024.1424 5087.0300 0.0000 0 True
2024.1451 5088.8000 0.0000 0 True
2024.1533 5069.5300 -0.3787 0 True
2024.1561 5078.1800 -0.2087 0 True
2024.1588 5069.7600 -0.3742 0 True
2024.1615 5096.2700 0.0000 0 True
2024.1643 5137.0800 0.0000 0 True
2024.1725 5130.9500 -0.1193 0 True
2024.1752 5078.6500 -1.1374 0 True
2024.1780 5104.7600 -0.6292 0 True
2024.1807 5157.3600 0.0000 0 True
2024.1834 5123.6900 -0.6529 0 True
2024.1916 5117.9400 -0.7643 0 True
2024.1944 5175.2700 0.0000 0 True
2024.1971 5165.3100 -0.1925 0 True
2024.1999 5150.4800 -0.4790 0 True
2024.2026 5117.0900 -1.1242 0 True
2024.2108 5149.4200 -0.4995 0 True
2024.2136 5178.5100 0.0000 0 True
2024.2163 5224.6200 0.0000 0 True
2024.2190 5241.5300 0.0000 0 True
2024.2218 5234.1800 -0.1402 0 True
2024.2300 5218.1900 -0.4453 0 True
2024.2327 5203.5800 -0.7240 0 True
2024.2355 5248.4900 0.0000 0 True
2024.2382 5254.3500 0.0000 0 True
2024.2409 5254.3500 0.0000 0 True
2024.2491 5243.7700 -0.2014 0 True
2024.2519 5205.8100 -0.9238 0 True
2024.2546 5211.4900 -0.8157 0 True
2024.2574 5147.2100 -2.0391 0 True
2024.2601 5204.3400 -0.9518 0 True
2024.2683 5202.3900 -0.9889 0 True
2024.2710 5209.9100 -0.8458 0 True
2024.2738 5160.6400 -1.7835 0 True
2024.2765 5199.0600 -1.0523 0 True
2024.2793 5123.4100 -2.4920 0 True
2024.2875 5061.8200 -3.6642 0 True
2024.2902 5051.4100 -3.8623 0 True
2024.2930 5022.2100 -4.4181 0 True
2024.2957 5011.1200 -4.6291 0 True
2024.2984 4967.2300 -5.4644 0 True
2024.3066 5010.6000 -4.6390 0 True
2024.3094 5070.5500 -3.4981 0 True
2024.3121 5071.6300 -3.4775 0 True
2024.3149 5048.4200 -3.9192 0 True
2024.3176 5099.9600 -2.9383 0 False
2024.3258 5116.1700 -2.6298 0 False
2024.3285 5035.6900 -4.1615 0 False
2024.3313 5018.3900 -4.4908 0 False
2024.3340 5064.2000 -3.6189 0 False
2024.3368 5127.7900 -2.4087 0 False
2024.3450 5180.7400 -1.4009 0 False
2024.3477 5187.7000 -1.2685 0 False
2024.3504 5187.6700 -1.2690 0 False
2024.3532 5214.0800 -0.7664 0 False
2024.3559 5222.6800 -0.6027 0 False
2024.3641 5221.4200 -0.6267 0 False
2024.3669 5246.6800 -0.1460 0 False
2024.3696 5308.1500 0.0000 0 False
2024.3723 5297.1000 -0.2082 0 False
2024.3751 5303.2700 -0.0919 0 False
2024.3833 5308.1300 -0.0004 0 False
2024.3860 5321.4100 0.0000 0 False
2024.3888 5307.0100 -0.2706 0 False
2024.3915 5267.8400 -1.0067 0 False
2024.3943 5304.7200 -0.3136 0 False
2024.4025 5304.7200 -0.3136 0 False
2024.4052 5306.0400 -0.2888 0 False
2024.4079 5266.9500 -1.0234 0 False
2024.4107 5235.4800 -1.6148 0 False
2024.4134 5277.5100 -0.8250 0 False
2024.4216 5283.4000 -0.7143 0 False
2024.4244 5291.3400 -0.5651 0 False
2024.4271 5354.0300 0.0000 0 False
2024.4298 5352.9600 -0.0200 0 False
2024.4326 5346.9900 -0.1315 0 False
2024.4408 5360.7900 0.0000 0 False
2024.4435 5375.3200 0.0000 0 False
2024.4463 5421.0300 0.0000 0 False
2024.4490 5433.7400 0.0000 0 False
2024.4517 5431.6000 -0.0394 0 False
2024.4600 5473.2300 0.0000 0 False
2024.4627 5487.0300 0.0000 0 False
2024.4654 5487.0300 0.0000 0 False
2024.4682 5473.1700 -0.2526 0 False
2024.4709 5464.6200 -0.4084 0 False
2024.4791 5447.8700 -0.7137 0 False
2024.4819 5469.3000 -0.3231 0 False
2024.4846 5477.9000 -0.1664 0 False
2024.4873 5482.8700 -0.0758 0 False
2024.4901 5460.4800 -0.4839 0 False
2024.4983 5475.0900 -0.2176 0 False
2024.5010 5509.0100 0.0000 0 False
2024.5038 5537.0200 0.0000 0 False
2024.5065 5537.0200 0.0000 0 False
2024.5092 5567.1900 0.0000 0 False
2024.5175 5572.8500 0.0000 0 False
2024.5202 5576.9800 0.0000 0 False
2024.5229 5633.9100 0.0000 0 False
2024.5257 5584.5400 -0.8763 0 False
2024.5284 5615.3500 -0.3294 0 False
2024.5366 5631.2200 -0.0477 0 False
2024.5394 5667.2000 0.0000 0 False
2024.5421 5588.2700 -1.3928 0 False
2024.5448 5544.5900 -2.1635 0 False
2024.5476 5505.0000 -2.8621 0 False
2024.5558 5564.4100 -1.8138 0 False
2024.5585 5555.7400 -1.9668 0 False
2024.5613 5427.1300 -4.2361 0 False
2024.5640 5399.2200 -4.7286 0 False
2024.5667 5459.1000 -3.6720 0 False
2024.5749 5463.5400 -3.5937 0 False
2024.5777 5436.4400 -4.0719 0 False
2024.5804 5522.3000 -2.5568 0 False
2024.5832 5446.6800 -3.8912 0 False
2024.5859 5346.5600 -5.6578 0 False
2024.5941 5186.3300 -8.4851 0 False
2024.5969 5240.0300 -7.5376 0 False
2024.5996 5199.5000 -8.2528 0 False
2024.6023 5319.3100 -6.1387 0 False
2024.6051 5344.1600 -5.7002 0 False
2024.6133 5344.3900 -5.6961 0 False
2024.6160 5434.4300 -4.1073 0 False
2024.6188 5455.2100 -3.7406 0 False
2024.6215 5543.2200 -2.1877 0 False
2024.6242 5554.2500 -1.9930 0 False
2024.6324 5608.2500 -1.0402 0 False
2024.6352 5597.1200 -1.2366 0 False
2024.6379 5620.8500 -0.8179 0 False
2024.6407 5570.6400 -1.7038 0 False
2024.6434 5634.6100 -0.5751 0 False
2024.6516 5616.8400 -0.8886 0 False
2024.6543 5625.8000 -0.7305 0 False
2024.6571 5592.1800 -1.3238 0 False
2024.6598 5591.9600 -1.3276 0 False
2024.6626 5648.4000 -0.3317 0 False
2024.6708 5648.4000 -0.3317 0 False
2024.6735 5528.9300 -2.4398 0 False
2024.6762 5520.0700 -2.5962 0 False
2024.6790 5503.4100 -2.8901 0 False
2024.6817 5408.4200 -4.5663 0 False
2024.6899 5471.0500 -3.4611 0 False
2024.6927 5495.5200 -3.0294 0 False
2024.6954 5554.1300 -1.9952 0 False
2024.6982 5595.7600 -1.2606 0 False
2024.7009 5626.0200 -0.7266 0 False
2024.7091 5633.0900 -0.6019 0 False
2024.7118 5634.5800 -0.5756 0 False
2024.7146 5618.2600 -0.8636 0 False
2024.7173 5713.6400 0.0000 0 False
2024.7201 5702.5500 -0.1941 0 False
2024.7283 5718.5700 0.0000 0 False
2024.7310 5732.9300 0.0000 0 False
2024.7337 5722.2600 -0.1861 0 False
2024.7365 5745.3700 0.0000 0 False
2024.7392 5738.1700 -0.1253 0 False
2024.7474 5762.4800 0.0000 0 False
2024.7502 5708.7500 -0.9324 0 False
2024.7529 5709.5400 -0.9187 0 False
2024.7556 5699.9400 -1.0853 0 False
2024.7584 5751.0700 -0.1980 0 False
2024.7666 5695.9400 -1.1547 0 False
2024.7693 5751.1300 -0.1970 0 False
2024.7721 5792.0400 0.0000 0 False
2024.7748 5780.0500 -0.2070 0 False
2024.7775 5815.0300 0.0000 0 False
2024.7858 5859.8500 0.0000 0 False
2024.7885 5815.2600 -0.7609 0 False
2024.7912 5842.4700 -0.2966 0 False
2024.7940 5841.4700 -0.3137 0 False
2024.7967 5864.6700 0.0000 0 False
2024.8049 5853.9800 -0.1823 0 False
2024.8077 5851.2000 -0.2297 0 False
2024.8104 5797.4200 -1.1467 0 False
2024.8131 5809.8600 -0.9346 0 False
2024.8159 5808.1200 -0.9642 0 False
2024.8241 5823.5200 -0.7017 0 False
2024.8268 5832.9200 -0.5414 0 False
2024.8296 5813.6700 -0.8696 0 False
2024.8323 5705.4500 -2.7149 0 False
2024.8350 5728.8000 -2.3168 0 False
2024.8433 5712.6900 -2.5915 0 False
2024.8460 5782.7600 -1.3967 0 False
2024.8487 5929.0400 0.0000 0 False
2024.8515 5973.1000 0.0000 0 False
2024.8542 5995.5400 0.0000 0 False
2024.8624 6001.3500 0.0000 0 False
2024.8652 5983.9900 -0.2893 0 False
2024.8679 5985.3800 -0.2661 0 False
2024.8706 5949.1700 -0.8695 0 False
2024.8734 5870.6200 -2.1783 0 False
2024.8816 5893.6200 -1.7951 0 False
2024.8843 5916.9800 -1.4059 0 False
2024.8871 5917.1100 -1.4037 0 False
2024.8898 5948.7100 -0.8771 0 False
2024.8925 5969.3400 -0.5334 0 False
2024.9008 5987.3700 -0.2329 0 False
2024.9035 6021.6300 0.0000 0 False
2024.9062 5998.7400 -0.3801 0 False
2024.9090 5998.7400 -0.3801 0 False
2024.9117 6032.3800 0.0000 0 False
2024.9199 6047.1500 0.0000 0 False
2024.9227 6049.8800 0.0000 0 False
2024.9254 6086.4900 0.0000 0 False
2024.9281 6075.1100 -0.1870 0 False
2024.9309 6090.2700 0.0000 0 False
2024.9391 6052.8500 -0.6144 0 False
2024.9418 6034.9100 -0.9090 0 False
2024.9446 6084.1900 -0.0998 0 False
2024.9473 6051.2500 -0.6407 0 False
2024.9500 6051.0900 -0.6433 0 False
2024.9582 6074.0800 -0.2658 1 False
2024.9610 6050.6100 -0.6512 1 False
2024.9637 5872.1600 -3.5813 1 False
2024.9665 5867.0800 -3.6647 1 False
2024.9692 5930.8500 -2.6176 1 False
2024.9774 5974.0700 -1.9080 1 False
2024.9802 6040.0400 -0.8248 1 False
2024.9829 6040.0400 -0.8248 1 False
2024.9856 6037.5900 -0.8650 1 False
2024.9884 5970.8400 -1.9610 1 False
2024.9966 5906.9400 -3.0102 1 False
2024.9993 5881.6300 -3.4258 1 False
2025.0000 5881.6300 -3.4258 1 False
2025.0027 5868.5500 -3.6406 1 False
2025.0055 5942.4700 -2.4268 1 False
2025.0137 5975.3800 -1.8865 1 False
2025.0164 5909.0300 -2.9759 1 False
2025.0192 5918.2500 -2.8245 1 False
2025.0219 5918.2500 -2.8245 1 False
2025.0246 5827.0400 -4.3221 1 False
2025.0329 5836.2200 -4.1714 1 False
2025.0356 5842.9100 -4.0616 1 False
2025.0383 5949.9100 -2.3047 1 False
2025.0411 5937.3400 -2.5111 1 False
2025.0438 5996.6600 -1.5370 1 False
2025.0520 5996.6600 -1.5370 1 False
2025.0548 6049.2400 -0.6737 1 False
2025.0575 6086.3700 -0.0640 1 False
2025.0602 6118.7100 0.0000 1 False
2025.0630 6101.2400 -0.2855 1 False
2025.0712 6012.2800 -1.7394 1 False
2025.0739 6067.7000 -0.8337 1 False
2025.0767 6039.3100 -1.2977 1 False
2025.0794 6071.1700 -0.7770 1 False
2025.0821 6040.5300 -1.2777 1 False
2025.0903 5994.5700 -2.0289 1 False
2025.0931 6037.8800 -1.3210 1 False
2025.0958 6061.4800 -0.9353 1 False
2025.0986 6083.5700 -0.5743 1 False
2025.1013 6025.9900 -1.5154 1 False
2025.1095 6066.4400 -0.8543 1 False
2025.1123 6068.5000 -0.8206 1 False
2025.1150 6051.9700 -1.0908 1 False
2025.1177 6115.0700 -0.0595 1 False
2025.1205 6114.6300 -0.0667 1 False
2025.1287 6114.6300 -0.0667 1 False
2025.1314 6129.5800 0.0000 1 False
2025.1342 6144.1500 0.0000 1 False
2025.1369 6117.5200 -0.4334 1 False
2025.1396 6013.1300 -2.1324 1 False
2025.1478 5983.2500 -2.6188 1 False
2025.1506 5955.2500 -3.0745 1 False
2025.1533 5956.0600 -3.0613 1 False
2025.1561 5861.5700 -4.5992 1 False
2025.1588 5954.5000 -3.0867 1 False
2025.1670 5849.7200 -4.7920 1 False
2025.1697 5778.1500 -5.9569 1 False
2025.1725 5842.6300 -4.9074 1 False
2025.1752 5738.5200 -6.6019 1 False
2025.1780 5770.2000 -6.0863 1 False
2025.1862 5614.5600 -8.6194 1 False
2025.1889 5572.0700 -9.3110 1 False
2025.1916 5599.3000 -8.8678 1 False
2025.1944 5521.5200 -10.1337 0 True
2025.1971 5638.9400 -8.2226 0 True
2025.2053 5675.1200 -7.6338 0 True
2025.2081 5614.6600 -8.6178 0 True
2025.2108 5675.2900 -7.6310 0 True
2025.2136 5662.8900 -7.8328 0 True
2025.2163 5667.5600 -7.7568 0 True
2025.2245 5767.5700 -6.1291 0 True
2025.2272 5776.6500 -5.9813 0 True
2025.2300 5712.2000 -7.0303 0 True
2025.2327 5693.3100 -7.3377 0 True
2025.2355 5580.9400 -9.1666 0 True
2025.2437 5611.8500 -8.6635 0 True
2025.2464 5633.0700 -8.3182 0 True
2025.2491 5670.9700 -7.7013 0 True
2025.2519 5396.5200 -12.1682 0 True
2025.2546 5074.0800 -17.4161 0 True
2025.2628 5062.2500 -17.6086 0 True
2025.2656 4982.7700 -18.9022 0 True
2025.2683 5456.9000 -11.1854 0 True
2025.2710 5268.0500 -14.2591 0 True
2025.2738 5363.3600 -12.7079 0 True
2025.2820 5405.9700 -12.0144 0 True
2025.2847 5396.6300 -12.1664 0 True
2025.2875 5275.7000 -14.1346 0 True
2025.2902 5282.7000 -14.0207 0 True
2025.2930 5282.7000 -14.0207 0 True
2025.3012 5158.2000 -16.0470 0 True
2025.3039 5287.7600 -13.9383 0 True
2025.3066 5375.8600 -12.5044 0 True
2025.3094 5484.7700 -10.7318 0 True
2025.3121 5525.2100 -10.0736 0 True
2025.3203 5528.7500 -10.0160 0 True
2025.3231 5560.8300 -9.4939 0 True
2025.3258 5569.0600 -9.3600 0 True
2025.3285 5604.1400 -8.7890 0 True
2025.3313 5686.6700 -7.4458 0 True
2025.3395 5650.3800 -8.0364 0 True
2025.3422 5606.9100 -8.7439 0 True
2025.3450 5631.2800 -8.3473 0 True
2025.3477 5663.9400 -7.8157 0 True
2025.3504 5659.9100 -7.8813 0 True
2025.3587 5844.1900 -4.8820 0 True
2025.3614 5886.5500 -4.1926 0 True
2025.3641 5892.5800 -4.0945 0 True
2025.3669 5916.9300 -3.6982 0 True
2025.3696 5958.3800 -3.0235 0 True
2025.3778 5963.6000 -2.9386 0 True
2025.3806 5940.4600 -3.3152 0 True
2025.3833 5844.6100 -4.8752 0 True
2025.3860 5842.0100 -4.9175 0 True
2025.3888 5802.8200 -5.5554 0 True
2025.3970 5802.8200 -5.5554 0 True
2025.3997 5921.5400 -3.6231 0 True
2025.4025 5888.5500 -4.1601 0 True
2025.4052 5912.1700 -3.7756 0 True
2025.4079 5911.6900 -3.7834 0 True
2025.4162 5935.9400 -3.3888 0 True
2025.4189 5970.3700 -2.8284 0 True
2025.4216 5970.8100 -2.8212 0 True
2025.4244 5939.3000 -3.3341 0 True
2025.4271 6000.3600 -2.3403 0 True
2025.4353 6005.8800 -2.2504 0 True
2025.4381 6038.8100 -1.7145 0 True
2025.4408 6022.2400 -1.9842 0 True
2025.4435 6045.2600 -1.6095 0 True
2025.4463 5976.9700 -2.7210 0 True
2025.4545 6033.1100 -1.8072 0 True
2025.4572 5982.7200 -2.6274 0 True
2025.4600 5980.8700 -2.6575 0 True
2025.4627 5980.8700 -2.6575 0 True
2025.4654 5967.8400 -2.8696 0 True
2025.4736 6025.1700 -1.9365 0 True
2025.4764 6092.1800 -0.8458 0 True
2025.4791 6092.1600 -0.8462 0 True
2025.4819 6141.0200 -0.0509 0 True
2025.4846 6173.0700 0.0000 0 True
2025.4928 6204.9500 0.0000 0 True
2025.4956 6198.0100 -0.1118 0 True
2025.4983 6227.4200 0.0000 0 True
2025.5010 6279.3500 0.0000 0 True
2025.5038 6279.3500 0.0000 0 True
2025.5120 6229.9800 -0.7862 0 True
2025.5147 6225.5200 -0.8573 0 True
2025.5175 6263.2600 -0.2562 0 True
2025.5202 6280.4600 0.0000 0 True
2025.5229 6259.7500 -0.3298 0 True
2025.5311 6268.5600 -0.1895 0 True
2025.5339 6243.7600 -0.5844 0 True
2025.5366 6263.7000 -0.2669 0 True
2025.5394 6297.3600 0.0000 0 True
2025.5421 6296.7900 -0.0091 0 True
2025.5503 6305.6000 0.0000 0 True
2025.5530 6309.6200 0.0000 0 True
2025.5558 6358.9100 0.0000 0 True
2025.5585 6363.3500 0.0000 0 True
2025.5613 6388.6400 0.0000 0 True
2025.5695 6389.7700 0.0000 0 True
2025.5722 6370.8600 -0.2959 0 True
2025.5749 6362.9000 -0.4205 0 True
2025.5777 6339.3900 -0.7884 0 True
2025.5804 6238.0100 -2.3750 0 True
2025.5886 6329.9400 -0.9363 0 True
2025.5914 6299.1900 -1.4176 0 True
2025.5941 6345.0600 -0.6997 0 True
2025.5969 6340.0000 -0.7789 0 True
2025.5996 6389.4500 -0.0050 0 True
2025.6078 6373.4500 -0.2554 0 True
2025.6105 6445.7600 0.0000 0 True
2025.6133 6466.5800 0.0000 0 True
2025.6160 6468.5400 0.0000 0 True
2025.6188 6449.8000 -0.2897 0 True
2025.6270 6449.1500 -0.2998 0 True
2025.6297 6411.3700 -0.8838 0 True
2025.6324 6395.7800 -1.1248 0 True
2025.6352 6370.1700 -1.5207 0 True
2025.6379 6466.9100 -0.0252 0 True
2025.6461 6439.3200 -0.4517 0 True
2025.6489 6465.9400 -0.0402 0 True
2025.6516 6481.4000 0.0000 0 True
2025.6543 6501.8600 0.0000 0 True
2025.6571 6460.2600 -0.6398 0 True
2025.6653 6460.2600 -0.6398 0 True
2025.6680 6415.5400 -1.3276 0 True
2025.6708 6448.2600 -0.8244 0 True
2025.6735 6502.0800 0.0000 0 True
2025.6762 6481.5000 -0.3165 0 True
2025.6845 6495.1500 -0.1066 0 True
2025.6872 6512.6100 0.0000 0 True
2025.6899 6532.0400 0.0000 0 True
2025.6927 6587.4700 0.0000 0 True
2025.6954 6584.2900 -0.0483 0 True
2025.7036 6615.2800 0.0000 0 False
2025.7064 6606.7600 -0.1288 0 False
2025.7091 6600.3500 -0.2257 0 False
2025.7118 6631.9600 0.0000 0 False
2025.7146 6664.3600 0.0000 0 False
2025.7228 6693.7500 0.0000 0 False
2025.7255 6656.9200 -0.5502 0 False
2025.7283 6637.9700 -0.8333 0 False
2025.7310 6604.7200 -1.3300 0 False
2025.7337 6643.7000 -0.7477 0 False
2025.7420 6661.2100 -0.4861 0 False
2025.7447 6688.4600 -0.0790 0 False
2025.7474 6711.2000 0.0000 0 False
2025.7502 6715.3500 0.0000 0 False
2025.7529 6715.7900 0.0000 0 False
2025.7611 6740.2800 0.0000 0 False
2025.7639 6714.5900 -0.3811 0 False
2025.7666 6753.7200 0.0000 0 False
2025.7693 6735.1100 -0.2756 0 False
2025.7721 6552.5100 -2.9792 0 False
2025.7803 6654.7200 -1.4659 0 False
2025.7830 6644.3100 -1.6200 0 False
2025.7858 6671.0600 -1.2239 0 False
2025.7885 6629.0700 -1.8456 0 False
2025.7912 6664.0100 -1.3283 0 False
2025.7995 6735.1300 -0.2753 0 False
2025.8022 6735.3500 -0.2720 0 False
2025.8049 6699.4000 -0.8043 0 False
2025.8077 6738.4400 -0.2262 0 False
2025.8104 6791.6900 0.0000 0 False
2025.8186 6875.1600 0.0000 0 False
2025.8214 6890.8900 0.0000 0 False
2025.8241 6890.5900 -0.0044 0 False
2025.8268 6822.3400 -0.9948 0 False
2025.8296 6840.2000 -0.7356 0 False
2025.8378 6851.9700 -0.5648 0 False
2025.8405 6771.5500 -1.7319 0 False
2025.8433 6796.2900 -1.3728 0 False
2025.8460 6720.3200 -2.4753 0 False
2025.8487 6728.8000 -2.3522 0 False
2025.8569 6832.4300 -0.8484 0 False
2025.8597 6846.6100 -0.6426 0 False
2025.8624 6850.9200 -0.5800 0 False
2025.8652 6737.4900 -2.2261 0 False
2025.8679 6734.1100 -2.2752 0 False
2025.8761 6672.4100 -3.1706 0 False
2025.8789 6617.3200 -3.9700 0 False
2025.8816 6642.1600 -3.6095 0 False
2025.8843 6538.7600 -5.1101 0 False
2025.8871 6602.9900 -4.1780 0 False
2025.8953 6705.1200 -2.6959 0 False
2025.8980 6765.8800 -1.8141 0 False
2025.9008 6812.6100 -1.1360 0 False
2025.9035 6812.6100 -1.1360 0 False
2025.9062 6849.0900 -0.6066 0 False
2025.9144 6812.6300 -1.1357 0 False
2025.9172 6829.3700 -0.8928 0 False
2025.9199 6849.7200 -0.5975 0 False
2025.9227 6857.1200 -0.4901 0 False
2025.9254 6870.4000 -0.2973 0 False
2025.9336 6846.5100 -0.6440 0 False
2025.9363 6840.5100 -0.7311 0 False
2025.9391 6886.6800 -0.0611 0 False
2025.9418 6901.0000 0.0000 0 False
2025.9446 6827.4100 -1.0664 0 False
2025.9528 6816.5100 -1.2243 0 False
2025.9555 6800.2600 -1.4598 0 False
2025.9582 6721.4300 -2.6021 0 False
2025.9610 6774.7600 -1.8293 0 False
2025.9637 6834.5000 -0.9636 0 False
2025.9719 6878.4900 -0.3262 0 False
2025.9747 6909.7900 0.0000 0 False
2025.9774 6932.0500 0.0000 0 False
2025.9802 6932.0500 0.0000 0 False
2025.9829 6929.9400 -0.0304 0 False
2025.9911 6905.7400 -0.3795 0 False
2025.9938 6896.2400 -0.5166 0 False
2025.9966 6845.5000 -1.2485 0 False
2026.0000 6845.5000 -1.2485 0 False
2026.0027 6858.4700 -1.0614 0 False
2026.0110 6902.0500 -0.4328 0 False
2026.0137 6944.8200 0.0000 0 False
2026.0164 6920.9300 -0.3440 0 False
2026.0192 6921.4600 -0.3364 0 False
2026.0219 6966.2800 0.0000 0 False
2026.0301 6977.2700 0.0000 0 False
2026.0329 6963.7400 -0.1939 0 False
2026.0356 6926.6000 -0.7262 0 False
2026.0383 6944.4700 -0.4701 0 False
2026.0411 6940.0100 -0.5340 0 False
2026.0493 6940.0100 -0.5340 0 False
2026.0520 6796.8600 -2.5857 0 False
2026.0548 6875.6200 -1.4569 0 False
2026.0575 6913.3500 -0.9161 0 False
2026.0602 6915.6100 -0.8837 0 False
2026.0684 6950.2300 -0.3875 0 False
2026.0712 6978.6000 0.0000 0 False
2026.0739 6978.0300 -0.0082 0 False
2026.0767 6969.0100 -0.1374 0 False
2026.0794 6939.0300 -0.5670 0 False
2026.0876 6976.4400 -0.0310 0 False
2026.0903 6917.8100 -0.8711 0 False
2026.0931 6882.7200 -1.3739 0 False
2026.0958 6798.4000 -2.5822 0 False
2026.0986 6932.3000 -0.6635 0 False
2026.1068 6964.8200 -0.1975 0 False
2026.1095 6941.8100 -0.5272 0 False
2026.1123 6941.4700 -0.5321 0 False
2026.1150 6832.7600 -2.0898 0 False
2026.1177 6836.1700 -2.0410 0 False
2026.1259 6836.1700 -2.0410 0 False
2026.1287 6843.2200 -1.9399 0 False
2026.1314 6881.3100 -1.3941 0 False
2026.1342 6861.8900 -1.6724 0 False
2026.1369 6909.5100 -0.9900 0 False
2026.1451 6837.7500 -2.0183 0 False
2026.1478 6890.0700 -1.2686 0 False
2026.1506 6946.1300 -0.4653 0 False
2026.1533 6908.8600 -0.9993 0 False
2026.1561 6878.8800 -1.4289 0 False
2026.1643 6881.6200 -1.3897 0 False
2026.1670 6816.6300 -2.3210 0 False
2026.1697 6869.5000 -1.5634 0 False
2026.1725 6830.7100 -2.1192 0 False
2026.1752 6740.0200 -3.4187 0 False
2026.1834 6795.9900 -2.6167 0 False
2026.1862 6781.4800 -2.8246 0 False
2026.1889 6775.8000 -2.9060 0 False
2026.1916 6672.6200 -4.3845 0 False
2026.1944 6632.1900 -4.9639 0 False
2026.2026 6699.3800 -4.0011 0 False
2026.2053 6716.0900 -3.7616 0 False
2026.2081 6624.7000 -5.0712 0 False
2026.2108 6606.4900 -5.3322 0 False
2026.2136 6506.4800 -6.7653 0 False
2026.2218 6581.0000 -5.6974 0 False
2026.2245 6556.3700 -6.0504 0 False
2026.2272 6591.9000 -5.5412 0 False
2026.2300 6477.1600 -7.1854 0 False
2026.2327 6368.8500 -8.7374 0 False
2026.2409 6343.7200 -9.0975 0 False
2026.2437 6528.5200 -6.4494 0 False
2026.2464 6575.3200 -5.7788 0 False
2026.2491 6582.6900 -5.6732 0 False
2026.2519 6582.6900 -5.6732 0 False
2026.2601 6611.8300 -5.2556 0 False
2026.2628 6616.8500 -5.1837 0 False
2026.2656 6782.8100 -2.8056 0 False
2026.2683 6824.6600 -2.2059 0 False
2026.2710 6816.8900 -2.3172 0 False
2026.2793 6886.2400 -1.3235 0 False
2026.2820 6967.3800 -0.1608 0 False
2026.2847 7022.9500 0.0000 0 False
2026.2875 7041.2800 0.0000 0 False
2026.2902 7126.0600 0.0000 0 False
2026.2984 7109.1400 -0.2374 0 False
2026.3012 7064.0100 -0.8707 0 False
2026.3039 7137.9000 0.0000 0 False
2026.3066 7108.4000 -0.4133 0 False
2026.3094 7165.0800 0.0000 0 False
2026.3176 7173.9100 0.0000 0 False
2026.3203 7138.8000 -0.4894 0 False
2026.3231 7135.9500 -0.5291 0 False
2026.3258 7209.0100 0.0000 0 False
2026.3285 7230.1200 0.0000 0 False
2026.3368 7200.7500 -0.4062 0 False
2026.3395 7259.2200 0.0000 0 False
2026.3422 7365.1200 0.0000 0 False
2026.3450 7337.1100 -0.3803 0 False
2026.3477 7398.9300 0.0000 0 False
2026.3559 7412.8400 0.0000 0 False
2026.3587 7400.9600 -0.1603 0 False
2026.3614 7444.2500 0.0000 0 False
2026.3641 7501.2400 0.0000 0 False
2026.3669 7408.5000 -1.2363 0 False
2026.3751 7403.0500 -1.3090 0 False
2026.3778 7353.6100 -1.9681 0 False
2026.3806 7432.9700 -0.9101 0 False
2026.3833 7445.7200 -0.7401 0 False
2026.3860 7473.4700 -0.3702 0 False
2026.3943 7473.4700 -0.3702 0 False
2026.3970 7519.1200 0.0000 0 False
2026.3997 7520.3600 0.0000 0 False
2026.4025 7520.3600 0.0000 0 False
